TotalRevenue,	OperatingRevenue,CostOfRevenue,GrossProfit,OperatingExpense,	SellingGeneralAndAdministration,		GeneralAndAdministrativeExpense,			SalariesAndWages,			RentAndLandingFees,			OtherGandA,		SellingAndMarketingExpense,	DepreciationAmortizationDepletionIncomeStatement,		DepreciationAndAmortizationInIncomeStatement,			DepreciationIncomeStatement,	OtherOperatingExpenses,OperatingIncome,NetNonOperatingInterestIncomeExpense,	InterestIncomeNonOperating,	InterestExpenseNonOperating,OtherIncomeExpense,	SpecialIncomeCharges,		RestructuringAndMergernAcquisition,		ImpairmentOfCapitalAssets,		OtherSpecialCharges,	OtherNonOperatingIncomeExpenses,PretaxIncome,TaxProvision,NetIncomeCommonStockholders,	NetIncome,		NetIncomeIncludingNoncontrollingInterests,			NetIncomeContinuousOperations,			NetIncomeDiscontinuousOperations,			NetIncomeExtraordinary,			NetIncomeFromTaxLossCarryforward,		MinorityInterests,	PreferredStockDividends,DilutedNIAvailtoComStockholders,BasicEPS,DilutedEPS,BasicAverageShares,DilutedAverageShares,TotalOperatingIncomeAsReported,RentExpenseSupplemental,TotalExpenses,NetIncomeFromContinuingAndDiscontinuedOperation,NormalizedIncome,InterestIncome,InterestExpense,NetInterestIncome,EBIT,EBITDA,ReconciledCostOfRevenue,ReconciledDepreciation,NetIncomeFromContinuingOperationNetMinorityInterest,TotalUnusualItemsExcludingGoodwill,TotalUnusualItems,NormalizedEBITDA,TaxRateForCalcs,TaxEffectOfUnusualItems,open,high,low,close,adjclose,volume,ticker,MarketCap,EnterpriseValue,PeRatio,ForwardPeRatio,PegRatio,PsRatio,PbRatio,EnterprisesValueRevenueRatio,EnterprisesValueEBITDARatio
"4,008,000,000","3,494,000,000","6,164,000,000","-2,156,000,000","867,000,000","151,000,000",,,,,"151,000,000",,,,"716,000,000","-3,023,000,000","-367,000,000","4,000,000","371,000,000","1,817,000,000","1,708,000,000","168,000,000",,"-1,876,000,000","109,000,000","-1,573,000,000","-323,000,000","-1,250,000,000","-1,250,000,000","-1,250,000,000","-1,250,000,000",,,,,,"-1,250,000,000",-1.97,-1.97,"634,609,000","634,609,000","-1,315,000,000","921,000,000","7,031,000,000","-1,250,000,000","-2,607,279,084.552","4,000,000","371,000,000","-367,000,000","-1,202,000,000",,"6,164,000,000",,"-1,250,000,000","1,708,000,000","1,708,000,000","-2,910,000,000",0.205,"350,720,915.448",24.030000686645508,24.1200008392334,23.610000610351562,23.899999618530273,23.899999618530273,29800300.0,AAL,"15,328,849,952","49,485,849,952",,,,0.667,,12.347,-41.17
"4,028,000,000","3,475,000,000","5,883,000,000","-1,855,000,000","678,000,000","95,000,000",,,,,"95,000,000",,,,"583,000,000","-2,533,000,000","-371,000,000","5,000,000","376,000,000","95,000,000","18,000,000",0,0,"-18,000,000","77,000,000","-2,809,000,000","-631,000,000","-2,178,000,000","-2,178,000,000","-2,178,000,000","-2,178,000,000",,,,,,"-2,178,000,000",-3.81,-3.81,"571,984,000","571,984,000","-2,515,000,000","825,000,000","6,561,000,000","-2,178,000,000","-2,191,956,568.174","5,000,000","376,000,000","-371,000,000","-2,433,000,000",,"5,883,000,000",,"-2,178,000,000","18,000,000","18,000,000","-2,451,000,000",0.225,"4,043,431.826",16.079999923706055,16.09000015258789,15.630000114440918,15.770000457763672,15.770000457763672,57891100.0,AAL,"9,800,732,061","42,721,732,061",,,,0.288,,10.606,-17.559
"3,173,000,000","2,747,000,000","5,610,000,000","-2,437,000,000","729,000,000","70,000,000",,,,,"70,000,000",,,,"659,000,000","-3,166,000,000","-335,000,000","5,000,000","340,000,000","406,000,000","295,000,000","871,000,000","742,000,000","-1,908,000,000","111,000,000","-3,095,000,000","-696,000,000","-2,399,000,000","-2,399,000,000","-2,399,000,000","-2,399,000,000",,,,,,"-2,399,000,000",-4.71,-4.71,"509,049,000","509,049,000","-2,871,000,000","818,000,000","6,339,000,000","-2,399,000,000","-2,627,660,743.134","5,000,000","340,000,000","-335,000,000","-2,755,000,000",,"5,610,000,000",,"-2,399,000,000","295,000,000","295,000,000","-3,050,000,000",0.225,"66,339,256.866",12.319999694824219,12.920000076293945,12.220000267028809,12.289999961853027,12.289999961853027,65428100.0,AAL,"6,250,741,869","36,486,741,869",,,,0.16,,11.499,-13.244
"1,622,000,000","1,238,000,000","4,946,000,000","-3,324,000,000","588,000,000","43,000,000",,,,,"43,000,000",,,,"545,000,000","-3,912,000,000","-244,000,000","10,000,000","254,000,000","1,542,000,000","1,471,000,000","332,000,000",0,"-1,803,000,000","71,000,000","-2,659,000,000","-592,000,000","-2,067,000,000","-2,067,000,000","-2,067,000,000","-2,067,000,000",,,,,,"-2,067,000,000",-4.82,-4.82,"428,807,000","428,807,000","-2,486,000,000","750,000,000","5,534,000,000","-2,067,000,000","-3,210,496,427.228","10,000,000","254,000,000","-244,000,000","-2,405,000,000",,"4,946,000,000",,"-2,067,000,000","1,471,000,000","1,471,000,000","-3,876,000,000",0.223,"327,503,572.772",13.100000381469727,13.479999542236328,12.880000114440918,13.069999694824219,13.069999694824219,69607700.0,AAL,"6,646,828,932","37,143,828,932",,,,0.131,,22.9,-15.444
"8,515,000,000","7,828,000,000","8,450,000,000","65,000,000","1,715,000,000","305,000,000",,,,,"305,000,000",,,,"1,410,000,000","-1,650,000,000","-236,000,000","21,000,000","257,000,000","-1,004,000,000","-899,000,000","205,000,000","744,000,000","-50,000,000","-105,000,000","-2,890,000,000","-649,000,000","-2,241,000,000","-2,241,000,000","-2,241,000,000","-2,241,000,000",,,,,,"-2,241,000,000",-5.26,-5.26,"425,713,000","425,713,000","-2,549,000,000","960,000,000","10,165,000,000","-2,241,000,000","-1,543,886,159.17","21,000,000","257,000,000","-236,000,000","-2,633,000,000",,"8,450,000,000",,"-2,241,000,000","-899,000,000","-899,000,000","-1,734,000,000",0.225,"-201,886,159.17",12.899999618530273,12.960000038146973,12.100000381469727,12.1899995803833,12.1899995803833,44851400.0,AAL,"5,154,986,837","34,772,986,837",3.216,8.467,,0.118,,4.084,-13.207
"11,313,000,000","10,563,000,000","8,800,000,000","2,513,000,000","1,637,000,000","408,000,000",,,,,"408,000,000",,,,"1,229,000,000","876,000,000","-241,000,000","24,000,000","265,000,000","-64,000,000","-147,000,000","128,000,000","12,000,000","7,000,000","83,000,000","571,000,000","157,000,000","414,000,000","414,000,000","414,000,000","414,000,000",,,,,,"414,000,000",0.95,0.95,"434,578,000","435,659,000","729,000,000","979,000,000","10,437,000,000","414,000,000","520,581,436.077","24,000,000","265,000,000","-241,000,000","836,000,000",,"8,800,000,000",,"414,000,000","-147,000,000","-147,000,000","983,000,000",0.275,"-40,418,563.923",28.200000762939453,28.790000915527344,28.190000534057617,28.68000030517578,28.574403762817383,4396800.0,AAL,"12,280,847,872","41,552,847,872",8.102,4.988,0.779,0.285,76.755,3.673,49.704
"11,911,000,000","11,203,000,000","9,115,000,000","2,796,000,000","1,761,000,000","424,000,000",,,,,"424,000,000",,,,"1,337,000,000","1,035,000,000","-250,000,000","34,000,000","284,000,000","-228,000,000","-227,000,000","101,000,000","201,000,000","-75,000,000","-1,000,000","557,000,000","132,000,000","425,000,000","425,000,000","425,000,000","425,000,000",,,,,,"425,000,000",0.96,0.96,"441,915,000","442,401,000","808,000,000","1,040,000,000","10,876,000,000","425,000,000","598,204,667.864","34,000,000","284,000,000","-250,000,000","841,000,000",,"9,115,000,000",,"425,000,000","-227,000,000","-227,000,000","1,068,000,000",0.237,"-53,795,332.136",27.350000381469727,27.40999984741211,26.81999969482422,26.969999313354492,26.78388023376465,5109800.0,AAL,"11,813,811,717","41,154,811,717",7.956,4.615,0.676,0.273,,3.455,48.936
"11,960,000,000","11,232,000,000","9,014,000,000","2,946,000,000","1,672,000,000","401,000,000",,,,,"401,000,000",,,,"1,271,000,000","1,274,000,000","-240,000,000","35,000,000","275,000,000","-152,000,000","-121,000,000","116,000,000",0,"5,000,000","-31,000,000","882,000,000","220,000,000","662,000,000","662,000,000","662,000,000","662,000,000",,,,,,"662,000,000",1.49,1.49,"445,008,000","445,587,000","1,153,000,000","1,039,000,000","10,686,000,000","662,000,000","752,818,594.104","35,000,000","275,000,000","-240,000,000","1,157,000,000",,"9,014,000,000",,"662,000,000","-121,000,000","-121,000,000","1,278,000,000",0.249,"-30,181,405.896",,,,,,,,"14,506,073,100","43,601,073,100",10.519,6.281,0.345,0.336,,3.646,37.685
"10,584,000,000","9,876,000,000","8,450,000,000","2,134,000,000","1,639,000,000","370,000,000",,,,,"370,000,000",,,,"1,269,000,000","495,000,000","-238,000,000","33,000,000","271,000,000","-12,000,000","-120,000,000","120,000,000",,,"108,000,000","245,000,000","60,000,000","185,000,000","185,000,000","185,000,000","185,000,000",,,,,,"185,000,000",0.41,0.41,"451,951,000","453,429,000","375,000,000","1,004,000,000","10,089,000,000","185,000,000","275,612,244.898","33,000,000","271,000,000","-238,000,000","516,000,000",,"8,450,000,000",,"185,000,000","-120,000,000","-120,000,000","636,000,000",0.245,"-29,387,755.102",,,,,,,,"14,262,004,204","43,531,004,204",10.482,5.144,0.203,0.332,1.199,4.113,84.362
"10,938,000,000","10,227,000,000","8,577,000,000","2,361,000,000","1,585,000,000","384,000,000",,,,,"384,000,000",,,,"1,201,000,000","776,000,000","-227,000,000","34,000,000","261,000,000","-163,000,000","-228,000,000","265,000,000",0,"-37,000,000","65,000,000","386,000,000","68,000,000","318,000,000","318,000,000","318,000,000","318,000,000",,,,,,"318,000,000",0.71,0.7,"460,589,000","461,915,000","548,000,000","957,000,000","10,162,000,000","318,000,000","505,834,196.891","34,000,000","261,000,000","-227,000,000","647,000,000",,"8,577,000,000",,"318,000,000","-228,000,000","-228,000,000","875,000,000",0.176,"-40,165,803.109",32.09000015258789,32.619998931884766,31.68000030517578,32.11000061035156,31.599044799804688,5334700.0,AAL,"14,790,215,035","34,702,215,035",12.948,6.161,0.279,0.345,,3.173,53.636
"11,559,000,000","10,821,000,000","9,004,000,000","2,555,000,000","1,692,000,000","395,000,000",,,,,"395,000,000",,,,"1,297,000,000","863,000,000","-236,000,000","29,000,000","265,000,000","-171,000,000","-214,000,000","197,000,000",0,"17,000,000","43,000,000","456,000,000","115,000,000","341,000,000","341,000,000","341,000,000","341,000,000",,,,,,"341,000,000",0.74,0.74,"460,526,000","461,507,000","649,000,000","972,000,000","10,696,000,000","341,000,000","501,030,701.754","29,000,000","265,000,000","-236,000,000","721,000,000",,"9,004,000,000",,"341,000,000","-214,000,000","-214,000,000","935,000,000",0.252,"-53,969,298.246",,,,,,,,"19,032,845,897","38,434,845,897",13.375,6.658,0.299,0.456,,3.325,53.308
"11,643,000,000","10,935,000,000","8,752,000,000","2,891,000,000","1,746,000,000","385,000,000",,,,,"385,000,000",,,,"1,361,000,000","1,145,000,000","-236,000,000","30,000,000","266,000,000","-140,000,000","-117,000,000","143,000,000","26,000,000","-52,000,000","-23,000,000","769,000,000","203,000,000","566,000,000","566,000,000","566,000,000","566,000,000",,,,,,"566,000,000",1.22,1.22,"463,533,000","464,618,000","1,028,000,000","956,000,000","10,498,000,000","566,000,000","652,114,434.33","30,000,000","266,000,000","-236,000,000","1,035,000,000",,"8,752,000,000",,"566,000,000","-117,000,000","-117,000,000","1,152,000,000",0.264,"-30,885,565.67",,,,,,,,"17,771,074,556","37,219,074,556",10.486,7.018,0.313,0.429,,3.197,35.96
"10,401,000,000","9,707,000,000","8,158,000,000","2,243,000,000","1,671,000,000","356,000,000",,,,,"356,000,000",,,,"1,315,000,000","572,000,000","-240,000,000","25,000,000","265,000,000","-59,000,000","-141,000,000","141,000,000",,"195,000,000","82,000,000","273,000,000","87,000,000","186,000,000","186,000,000","186,000,000","186,000,000",,,,,,"186,000,000",0.39,0.39,"472,297,000","474,598,000","431,000,000","922,000,000","9,829,000,000","186,000,000","282,065,934.066","25,000,000","265,000,000","-240,000,000","538,000,000",,"8,158,000,000",,"186,000,000","-141,000,000","-141,000,000","679,000,000",0.319,"-44,934,065.934",,,,,,,,"24,584,285,968","44,583,285,968",13.323,8.621,1.243,0.605,6.186,4.286,82.869
"10,601,000,000","9,251,000,000","8,017,000,000","2,584,000,000","1,735,000,000","383,000,000",,,,,"383,000,000",,,,"1,229,000,000","849,000,000","-242,000,000","24,000,000","266,000,000","-182,000,000","-159,000,000","139,000,000",,"20,000,000","-23,000,000","425,000,000","167,000,000","258,000,000","258,000,000","258,000,000","258,000,000",,,,,,"258,000,000",0.54,0.54,"477,165,000","479,382,000","690,000,000","916,000,000","9,752,000,000","258,000,000","354,522,352.941","24,000,000","266,000,000","-242,000,000","691,000,000",,"8,017,000,000",,"258,000,000","-159,000,000","-159,000,000","850,000,000",0.393,"-62,477,647.059",,,,,,,,"24,896,306,768","43,812,306,768",13.139,9.911,,0.63,6.267,4.133,63.404
"10,878,000,000","9,577,000,000","7,914,000,000","2,964,000,000","1,620,000,000","400,000,000",,,,,"400,000,000",,,,"1,220,000,000","1,344,000,000","-241,000,000","25,000,000","266,000,000","-99,000,000","-112,000,000","124,000,000",,"-12,000,000","13,000,000","1,004,000,000","380,000,000","624,000,000","624,000,000","624,000,000","624,000,000",,,,,,"624,000,000",1.29,1.28,"484,772,000","486,625,000","1,232,000,000","943,000,000","9,534,000,000","624,000,000","693,609,561.753","25,000,000","266,000,000","-241,000,000","1,270,000,000",,"7,914,000,000",,"624,000,000","-112,000,000","-112,000,000","1,382,000,000",0.378,"-42,390,438.247",,,,,,,,"23,128,067,620","41,101,067,620",11.64,8.757,,0.591,6.136,3.778,32.363
"11,105,000,000","9,778,000,000","7,792,000,000","3,313,000,000","1,624,000,000","376,000,000",,,,,"376,000,000",,,,"1,248,000,000","1,689,000,000","-239,000,000","24,000,000","263,000,000","-159,000,000","-154,000,000","116,000,000",,"38,000,000","-5,000,000","1,291,000,000","488,000,000","803,000,000","803,000,000","803,000,000","803,000,000",,,,,,"803,000,000",1.64,1.63,"490,818,000","492,965,000","1,535,000,000","911,000,000","9,416,000,000","803,000,000","898,787,761.425","24,000,000","263,000,000","-239,000,000","1,554,000,000",,"7,792,000,000",,"803,000,000","-154,000,000","-154,000,000","1,708,000,000",0.378,"-58,212,238.575",49.91999816894531,50.5099983215332,49.599998474121094,50.31999969482422,48.8389778137207,6618700.0,AAL,"24,539,147,965","42,406,147,965",12.184,10.526,,0.661,7.098,3.819,27.288
"9,624,000,000","8,327,000,000","7,432,000,000","2,192,000,000","1,472,000,000","318,000,000",,,,,"318,000,000",,,,"1,154,000,000","720,000,000","-236,000,000","21,000,000","257,000,000","-119,000,000","-119,000,000","2,000,000",,"119,000,000",,"365,000,000","131,000,000","234,000,000","234,000,000","234,000,000","234,000,000",,,,,,"234,000,000",0.46,0.46,"503,902,000","507,797,000","601,000,000","896,000,000","8,904,000,000","234,000,000","310,290,410.959","21,000,000","257,000,000","-236,000,000","622,000,000",,"7,432,000,000",,"234,000,000","-119,000,000","-119,000,000","741,000,000",0.359,"-42,709,589.041",42.369998931884766,42.939998626708984,42.27000045776367,42.29999923706055,40.9668083190918,5427700.0,AAL,"20,970,217,216","38,955,217,216",8.794,8.599,,0.585,5.54,4.048,62.629
"9,789,000,000","8,541,000,000","7,291,000,000","2,498,000,000","1,472,000,000","333,000,000",,,,,"333,000,000",,,,"1,139,000,000","1,026,000,000","-235,000,000","18,000,000","253,000,000","-291,000,000","-259,000,000","1,000,000",,"259,000,000","-32,000,000","500,000,000","211,000,000","289,000,000","289,000,000","289,000,000","289,000,000",,,,,,"289,000,000",0.56,0.56,"514,571,000","518,358,000","767,000,000","886,000,000","8,763,000,000","289,000,000","444,400,000","18,000,000","253,000,000","-235,000,000","753,000,000",,"7,291,000,000",,"289,000,000","-259,000,000","-259,000,000","1,012,000,000",0.4,"-103,600,000",,,,,,,,"24,191,263,533","40,779,263,533",5.131,9.804,,0.685,5.394,4.166,54.156
"10,594,000,000","9,321,000,000","7,345,000,000","3,249,000,000","1,529,000,000","347,000,000",,,,,"347,000,000",,,,"1,182,000,000","1,720,000,000","-234,000,000","16,000,000","250,000,000","-297,000,000","-289,000,000","5,000,000",,"289,000,000","-8,000,000","1,189,000,000","452,000,000","737,000,000","737,000,000","737,000,000","737,000,000",,,,,,"737,000,000",1.4,1.4,"525,415,000","528,510,000","1,431,000,000","914,000,000","8,874,000,000","737,000,000","916,136,248.949","16,000,000","250,000,000","-234,000,000","1,439,000,000",,"7,345,000,000",,"737,000,000","-289,000,000","-289,000,000","1,728,000,000",0.38,"-109,863,751.051",35.97999954223633,36.9900016784668,35.86000061035156,36.61000061035156,35.288368225097656,7429300.0,AAL,"19,006,493,472","34,734,493,472",3.6,7.326,,0.571,4.408,3.279,24.138
"10,363,000,000","9,169,000,000","7,089,000,000","3,274,000,000","1,461,000,000","334,000,000",,,,,"334,000,000",,,,"1,127,000,000","1,813,000,000","-233,000,000","16,000,000","249,000,000","-87,000,000","-62,000,000","3,000,000",,"62,000,000","-25,000,000","1,493,000,000","543,000,000","950,000,000","950,000,000","950,000,000","950,000,000",,,,,,"950,000,000",1.69,1.68,"563,000,000","566,040,000","1,751,000,000","911,000,000","8,550,000,000","950,000,000","989,450,770.261","16,000,000","249,000,000","-233,000,000","1,742,000,000",,"7,089,000,000",,"950,000,000","-62,000,000","-62,000,000","1,804,000,000",0.364,"-22,549,229.739",27.860000610351562,28.309999465942383,27.489999771118164,28.309999465942383,27.206567764282227,11148300.0,AAL,"15,206,475,638","30,020,475,638",2.595,5.214,,0.461,3.229,2.897,17.233
"9,435,000,000","8,249,000,000","6,615,000,000","2,820,000,000","1,386,000,000","308,000,000",,,,,"308,000,000",,,,"1,078,000,000","1,434,000,000","-226,000,000","13,000,000","239,000,000","-91,000,000","-99,000,000","5,000,000",,"99,000,000","8,000,000","1,117,000,000","417,000,000","700,000,000","700,000,000","700,000,000","700,000,000",,,,,,"700,000,000",1.15,1.14,"606,245,000","611,488,000","1,335,000,000","865,000,000","8,001,000,000","700,000,000","761,380,000","13,000,000","239,000,000","-226,000,000","1,356,000,000",,"6,615,000,000",,"700,000,000","-99,000,000","-99,000,000","1,455,000,000",0.38,"-37,620,000",41.5,41.68000030517578,40.97999954223633,41.0099983215332,39.29795837402344,8138000.0,AAL,"24,017,848,072","38,324,848,072",3.705,6.325,,0.688,4.262,4.062,28.263
"9,630,000,000","8,496,000,000","6,682,000,000","2,948,000,000","1,439,000,000","343,000,000",,,,,"343,000,000",,,,"1,096,000,000","1,509,000,000","-219,000,000","10,000,000","229,000,000","-1,045,000,000","-441,000,000","9,000,000",,"441,000,000","-604,000,000","245,000,000","-3,036,000,000","3,281,000,000","3,281,000,000","3,281,000,000","3,281,000,000",,,,,,"3,281,000,000",5.24,5.09,"626,559,000","644,140,000","1,068,000,000","854,000,000","8,121,000,000","3,281,000,000","3,545,600,000","10,000,000","229,000,000","-219,000,000","474,000,000",,"6,682,000,000",,"3,281,000,000","-441,000,000","-441,000,000","915,000,000",0.4,"-176,400,000",42.540000915527344,42.56999969482422,41.83000183105469,42.349998474121094,40.471588134765625,6813800.0,AAL,"26,452,757,835","38,140,757,835",6.05,7.003,,0.722,7.032,3.961,80.466
"10,706,000,000","9,533,000,000","7,047,000,000","3,659,000,000","1,497,000,000","366,000,000",,,,,"366,000,000",,,,"1,131,000,000","2,162,000,000","-209,000,000","10,000,000","219,000,000","-244,000,000","-163,000,000","2,000,000",,"163,000,000","-81,000,000","1,709,000,000","16,000,000","1,693,000,000","1,693,000,000","1,693,000,000","1,693,000,000",,,,,,"1,693,000,000",2.56,2.49,"661,869,000","680,739,000","1,999,000,000","874,000,000","8,544,000,000","1,693,000,000","1,854,473,961.381","10,000,000","219,000,000","-209,000,000","1,928,000,000",,"7,047,000,000",,"1,693,000,000","-163,000,000","-163,000,000","2,091,000,000",0.009,"-1,526,038.619",39.18000030517578,39.68000030517578,37.720001220703125,38.83000183105469,37.027862548828125,15823700.0,AAL,"24,855,375,894","34,730,375,894",6.683,,,0.667,6.836,3.244,18.014
"10,827,000,000","9,608,000,000","7,304,000,000","3,523,000,000","1,458,000,000","350,000,000",,,,,"350,000,000",,,,"1,108,000,000","2,065,000,000","-213,000,000","10,000,000","223,000,000","-133,000,000","-144,000,000","10,000,000",,"144,000,000","11,000,000","1,719,000,000","15,000,000","1,704,000,000","1,704,000,000","1,704,000,000","1,704,000,000",,,,,,"1,704,000,000",2.47,2.41,"688,727,000","707,611,000","1,921,000,000","897,000,000","8,762,000,000","1,704,000,000","1,846,743,455.497","10,000,000","223,000,000","-213,000,000","1,942,000,000",,"7,304,000,000",,"1,704,000,000","-144,000,000","-144,000,000","2,086,000,000",0.009,"-1,256,544.503",40.20000076293945,40.599998474121094,39.93000030517578,39.939998626708984,37.99769592285156,11184500.0,AAL,"27,087,470,536","36,836,470,536",8.719,,,0.684,9.8,3.402,18.968
"9,827,000,000","8,635,000,000","6,934,000,000","2,893,000,000","1,374,000,000","336,000,000",,,,,"336,000,000",,,,"1,038,000,000","1,519,000,000","-200,000,000","10,000,000","210,000,000","-376,000,000","-303,000,000","7,000,000",,"303,000,000","-73,000,000","943,000,000","11,000,000","932,000,000","932,000,000","932,000,000","932,000,000",,,,,,"932,000,000",1.34,1.3,"696,415,000","716,930,000","1,216,000,000","840,000,000","8,308,000,000","932,000,000","1,231,465,535.525","10,000,000","210,000,000","-200,000,000","1,153,000,000",,"6,934,000,000",,"932,000,000","-303,000,000","-303,000,000","1,456,000,000",0.012,"-3,534,464.475",53.65999984741211,53.72999954223633,52.68000030517578,52.779998779296875,50.110557556152344,8386400.0,AAL,"36,618,798,359","47,219,798,359",13.43,,,0.908,18.119,4.805,40.954
"10,160,000,000","9,013,000,000","7,509,000,000","2,651,000,000","1,326,000,000","348,000,000",,,,,"348,000,000",,,,"978,000,000","1,325,000,000","-211,000,000","9,000,000","220,000,000","-547,000,000","-465,000,000","800,000,000",,"466,000,000","-82,000,000","567,000,000","-30,000,000","597,000,000","597,000,000","597,000,000","597,000,000",,,,,,"597,000,000",0.84,0.82,"706,185,000","724,767,000","860,000,000","860,000,000","8,835,000,000","597,000,000","899,250,000","9,000,000","220,000,000","-211,000,000","787,000,000",,"7,509,000,000",,"597,000,000","-465,000,000","-465,000,000","1,252,000,000",0.35,"-162,750,000",53.900001525878906,54.63999938964844,53.31999969482422,53.630001068115234,50.81461715698242,10626000.0,AAL,"37,405,559,312","46,596,559,312",,,,0.695,7.525,4.586,59.208
"11,139,000,000","9,973,000,000","8,234,000,000","2,905,000,000","1,424,000,000","393,000,000",,,,,"393,000,000",,,,"1,031,000,000","1,481,000,000","-203,000,000","7,000,000","210,000,000","-329,000,000","-221,000,000",0,,"221,000,000","-108,000,000","949,000,000","7,000,000","942,000,000","942,000,000","942,000,000","942,000,000",,,,,,"942,000,000",1.31,1.28,"719,067,000","735,196,000","1,260,000,000","855,000,000","9,658,000,000","942,000,000","1,161,369,863.014","7,000,000","210,000,000","-203,000,000","1,159,000,000",,"8,234,000,000",,"942,000,000","-221,000,000","-221,000,000","1,380,000,000",0.007,"-1,630,136.986",35.04999923706055,35.849998474121094,34.34000015258789,35.47999954223633,33.53325653076172,10657900.0,AAL,"25,448,298,477","32,717,298,477",,,,0.407,6.228,2.937,28.229
"11,355,000,000","10,141,000,000","8,236,000,000","3,119,000,000","1,469,000,000","402,000,000",,,,,"402,000,000",,,,"1,067,000,000","1,650,000,000","-206,000,000","8,000,000","214,000,000","-240,000,000","-251,000,000",0,,"251,000,000","11,000,000","1,204,000,000","340,000,000","864,000,000","864,000,000","864,000,000","864,000,000",,,,,,"864,000,000",1.2,1.17,"720,600,000","734,767,000","1,399,000,000","867,000,000","9,705,000,000","864,000,000","1,044,119,601.329","8,000,000","214,000,000","-206,000,000","1,418,000,000",,"8,236,000,000",,"864,000,000","-251,000,000","-251,000,000","1,669,000,000",0.282,"-70,880,398.671",44.040000915527344,44.08000183105469,42.83000183105469,42.959999084472656,40.50016403198242,10439600.0,AAL,"30,952,750,841","37,973,750,841",,,,0.401,28.267,3.344,26.78
"9,995,000,000","8,871,000,000","7,960,000,000","2,035,000,000","1,442,000,000","401,000,000",,,,,"401,000,000",,,,"1,041,000,000","593,000,000","-236,000,000","7,000,000","243,000,000","136,000,000","137,000,000",0,,"-137,000,000","-1,000,000","493,000,000","13,000,000","480,000,000","480,000,000","480,000,000","480,000,000",,,,,,"480,000,000",0.66,0.65,"723,971,000","741,335,000","730,000,000","744,000,000","9,402,000,000","480,000,000","346,612,576.065","7,000,000","243,000,000","-236,000,000","736,000,000",,"7,960,000,000",,"480,000,000","137,000,000","137,000,000","599,000,000",0.026,"3,612,576.065",35.84000015258789,36.869998931884766,35.75,36.599998474121094,34.504337310791016,8415300.0,AAL,"23,788,289,791","31,336,289,791",,9.634,,0.223,,3.135,42.576
"7,368,000,000","6,597,000,000","5,773,000,000","1,595,000,000","931,000,000","301,000,000",,,,,"301,000,000",,,,"-227,000,000","664,000,000","-248,000,000","6,000,000","254,000,000","-2,741,000,000","-2,723,000,000","2,746,000,000",,"461,000,000","-18,000,000","-2,325,000,000","-324,000,000","-2,001,000,000","-2,001,000,000","-2,001,000,000","-2,001,000,000",,,,,,"-2,001,000,000",-8.66,-8.66,"231,062,000","231,062,000","161,000,000","603,000,000","6,704,000,000","-2,001,000,000","342,536,774.194","6,000,000","254,000,000","-248,000,000","-2,071,000,000",,"5,773,000,000",,"-2,001,000,000","-2,723,000,000","-2,723,000,000","652,000,000",0.139,"-379,463,225.806",24.739999771118164,25.25,24.6299991607666,25.25,23.80422019958496,7166600.0,AAL,"6,591,992,250","10,395,992,250",7.426,8.306,,0.139,,1.411,-5.02
"6,828,000,000","6,182,000,000","5,039,000,000","1,789,000,000","1,076,000,000",,,,,,,,,,"1,076,000,000","713,000,000","-191,000,000","5,000,000","196,000,000","-233,000,000","-166,000,000","151,000,000",,"15,000,000","-67,000,000","289,000,000",0,"289,000,000","289,000,000","289,000,000","289,000,000",,,,,,"289,000,000",2.303,2.035,"125,496,000","144,918,000","698,000,000","524,000,000","6,115,000,000","289,000,000","455,000,000","5,000,000","196,000,000","-191,000,000","485,000,000",,"5,039,000,000",,"289,000,000","-166,000,000","-166,000,000","651,000,000",0,0,18.34000015258789,19.219999313354492,18.040000915527344,18.959999084472656,17.87437629699707,4364300.0,AAL,"1,379,009,384","4,850,009,384",,,,0.055,,0.71,10
"6,449,000,000","5,807,000,000","4,883,000,000","1,566,000,000","1,064,000,000",,,,,,,,,,"1,064,000,000","502,000,000","-151,000,000","5,000,000","156,000,000","-131,000,000","-137,000,000","124,000,000",,"13,000,000","6,000,000","220,000,000",0,"220,000,000","220,000,000","220,000,000","220,000,000",,,,,,"220,000,000",1.74,1.58,"125,122,500","144,918,000","489,000,000","522,000,000","5,947,000,000","220,000,000","357,000,000","5,000,000","156,000,000","-151,000,000","376,000,000",,"4,883,000,000",,"220,000,000","-137,000,000","-137,000,000","513,000,000",0,0,,,,,,,,"1,352,042,039","5,415,042,039",,,,0.054,,0.84,14.402
"6,098,000,000","5,448,000,000","4,962,000,000","1,136,000,000","1,056,000,000",,,,,,,,,,"1,056,000,000","80,000,000","-246,000,000","4,000,000","250,000,000","-197,000,000","-188,000,000","160,000,000",,"28,000,000","-9,000,000","-363,000,000","-22,000,000","-341,000,000","-341,000,000","-341,000,000","-341,000,000",,,,,,"-341,000,000",-2.731,-2.731,"125,122,500","125,122,500","52,000,000","510,000,000","6,018,000,000","-341,000,000","-164,393,939.394","4,000,000","250,000,000","-246,000,000","-113,000,000",,"4,962,000,000",,"-341,000,000","-188,000,000","-188,000,000","75,000,000",0.061,"-11,393,939.394",,,,,,,,"1,391,376,955","6,034,376,955",,,,0.056,,0.99,-53.402
"5,937,000,000","3,408,000,000","11,417,000,000","-5,480,000,000","-5,541,000,000",,,,,,,,,,"1,778,000,000","61,000,000","-103,000,000","6,000,000","109,000,000","-264,000,000","-506,000,000","441,000,000",,"58,000,000","270,000,000","-306,000,000","-569,000,000","263,000,000","263,000,000","263,000,000","263,000,000",,,,,,"263,000,000",2.088,1.847,"125,122,500","142,677,000","3,000,000","454,000,000","5,876,000,000","263,000,000","591,900,000","6,000,000","109,000,000","-103,000,000","-197,000,000",,"11,417,000,000",,"263,000,000","-506,000,000","-506,000,000","309,000,000",0.35,"-177,100,000",12.850000381469727,13.680000305175781,12.84000015258789,13.5,12.727009773254395,7005600.0,AAL,"266,557,327","4,909,557,327",,,,0.011,,0.827,-24.922
"6,429,000,000","6,429,000,000","2,993,000,000","3,436,000,000","3,174,000,000","2,199,000,000","1,922,000,000","1,783,000,000","466,000,000","-327,000,000","277,000,000","256,000,000","256,000,000",,"719,000,000","262,000,000","-154,000,000","7,000,000","161,000,000","-346,000,000","-346,000,000",,,,,"-238,000,000",0,"-238,000,000","-238,000,000","-238,000,000","-238,000,000",,,,,,"-238,000,000",-1.901,-1.901,"125,122,500","125,122,500","51,000,000","466,000,000","6,167,000,000","-238,000,000","108,000,000","7,000,000","161,000,000","-154,000,000","-77,000,000",,"2,993,000,000","256,000,000","-238,000,000","-346,000,000","-346,000,000","525,000,000",0,0,,,,,,,,"122,374,117","3,512,374,117",,,,0.005,,0.546,19.622
"6,452,000,000","6,452,000,000","3,029,000,000","3,423,000,000","3,175,000,000","2,171,000,000","1,908,000,000","1,778,000,000","463,000,000","-333,000,000","263,000,000","261,000,000","261,000,000",,"743,000,000","248,000,000","-145,000,000","7,000,000","152,000,000","-344,000,000","-344,000,000",,,,,"-241,000,000",0,"-241,000,000","-241,000,000","-241,000,000","-241,000,000",,,,,,"-241,000,000",-1.928,-1.928,"125,122,500","125,122,500","142,000,000","463,000,000","6,204,000,000","-241,000,000","103,000,000","7,000,000","152,000,000","-145,000,000","-89,000,000",,"3,029,000,000","261,000,000","-241,000,000","-344,000,000","-344,000,000","516,000,000",0,0,,,,,,,,"184,064,083","8,763,064,083",,,,0.008,,1.358,50.948
"6,037,000,000","6,037,000,000","2,979,000,000","3,058,000,000","3,136,000,000","2,173,000,000","1,907,000,000","1,782,000,000","471,000,000","-346,000,000","266,000,000","260,000,000","260,000,000",,"703,000,000","-78,000,000","-160,000,000","6,000,000","166,000,000","-1,422,000,000","-1,422,000,000",,,,,"-1,660,000,000",0,"-1,660,000,000","-1,660,000,000","-1,660,000,000","-1,660,000,000",,,,,,"-1,660,000,000",-13.253,-13.253,"125,122,500","125,122,500","-89,000,000","471,000,000","6,115,000,000","-1,660,000,000","-238,000,000","6,000,000","166,000,000","-160,000,000","-1,494,000,000",,"2,979,000,000","260,000,000","-1,660,000,000","-1,422,000,000","-1,422,000,000","188,000,000",0,0,,,,,,,,"164,953,605","4,383,953,605",,,,0.007,,0.726,-3.553
"5,956,000,000","5,956,000,000","2,847,000,000","3,109,000,000","3,168,000,000","2,172,000,000","1,919,000,000","1,791,000,000","541,000,000","-413,000,000","253,000,000","271,000,000","271,000,000",,"725,000,000","-59,000,000","-182,000,000","6,000,000","188,000,000","-854,000,000","-854,000,000",,,,,"-1,095,000,000",0,"-1,095,000,000","-1,095,000,000","-1,095,000,000","-1,095,000,000",,,,,,"-1,095,000,000",,,,,"-784,000,000","541,000,000","6,015,000,000","-1,095,000,000","-241,000,000","6,000,000","188,000,000","-182,000,000","-907,000,000",,"2,847,000,000","271,000,000","-1,095,000,000","-854,000,000","-854,000,000","218,000,000",0,0,,,,,,,,"117,343,589","7,441,343,589",,,,0.005,,1.249,-11.7
"6,376,000,000","6,376,000,000","3,128,000,000","3,248,000,000","3,209,000,000","2,198,000,000","1,913,000,000","1,776,000,000","528,000,000","-391,000,000","285,000,000","273,000,000","273,000,000",,"738,000,000","39,000,000","-194,000,000","6,000,000","200,000,000","-7,000,000","-7,000,000",,,,,"-162,000,000",0,"-162,000,000","-162,000,000","-162,000,000","-162,000,000",,,,,,"-162,000,000",-1.285,-1.285,"125,122,500","125,122,500","39,000,000","528,000,000","6,337,000,000","-162,000,000","-155,000,000","6,000,000","200,000,000","-194,000,000","38,000,000",,"3,128,000,000","273,000,000","-162,000,000","-7,000,000","-7,000,000","318,000,000",0,0,5.960000038146973,5.980000019073486,5.46999979019165,5.5,5.185077667236328,8429500.0,AAL,"992,213,540","8,316,213,540",,,,0.042,,1.304,26.74
"6,114,000,000","6,114,000,000","3,049,000,000","3,065,000,000","3,143,000,000","2,165,000,000","1,897,000,000","1,764,000,000","513,000,000","-380,000,000","268,000,000","266,000,000","266,000,000",,"712,000,000","-78,000,000","-198,000,000","7,000,000","205,000,000","-10,000,000","-10,000,000",,,,,"-286,000,000",0,"-286,000,000","-286,000,000","-286,000,000","-286,000,000",,,,,,"-286,000,000",-2.276,-2.276,"125,122,500","125,122,500","-78,000,000","513,000,000","6,192,000,000","-286,000,000","-276,000,000","7,000,000","205,000,000","-198,000,000","-81,000,000",,"3,049,000,000","266,000,000","-286,000,000","-10,000,000","-10,000,000","195,000,000",0,0,8.920000076293945,9.100000381469727,8.899999618530273,8.90999984741211,8.39982795715332,4527600.0,AAL,"1,800,692,862","8,506,692,862",,,,0.078,,1.391,45.982
"5,533,000,000","5,533,000,000","2,659,000,000","2,874,000,000","3,106,000,000","2,099,000,000","1,843,000,000","1,722,000,000","512,000,000","-391,000,000","256,000,000","276,000,000","276,000,000",,"731,000,000","-232,000,000","-186,000,000","7,000,000","193,000,000","-18,000,000","-18,000,000",,,,,"-436,000,000",0,"-436,000,000","-436,000,000","-436,000,000","-436,000,000",,,,,,"-436,000,000",-3.507,-3.507,"124,375,500","124,375,500","-232,000,000","512,000,000","5,765,000,000","-436,000,000","-418,000,000","7,000,000","193,000,000","-186,000,000","-243,000,000",,"2,659,000,000","276,000,000","-436,000,000","-18,000,000","-18,000,000","51,000,000",0,0,8.90999984741211,8.90999984741211,8.59000015258789,8.710000038146973,8.21127986907959,4789000.0,AAL,"2,154,125,310","12,763,125,310",,,,0.095,,2.307,386.761
"5,586,000,000","5,586,000,000","1,568,000,000","4,018,000,000","2,916,000,000","1,936,000,000","1,698,000,000","1,698,000,000","517,000,000","-517,000,000","238,000,000","285,000,000","285,000,000",,"695,000,000","1,102,000,000","-188,000,000","38,000,000","226,000,000","-13,000,000","-13,000,000",,,,,"-133,000,000","-35,000,000","-98,000,000","-98,000,000","-98,000,000","-98,000,000",,,,,,"-98,000,000",,,,,"68,000,000","517,000,000","4,484,000,000","-98,000,000","-88,421,052.632","38,000,000","226,000,000","-188,000,000","93,000,000",,"1,568,000,000","285,000,000","-98,000,000","-13,000,000","-13,000,000","391,000,000",0.263,"-3,421,052.632",10.15999984741211,10.1899995803833,9.949999809265137,10.010000228881836,9.436842918395996,2191900.0,AAL,"2,597,570,223","9,237,570,223",,,,0.117,,1.654,24.438
"5,842,000,000","5,842,000,000","1,573,000,000","4,269,000,000","2,921,000,000","1,988,000,000","1,732,000,000","1,732,000,000","503,000,000","-503,000,000","256,000,000","274,000,000","274,000,000",,"659,000,000","1,348,000,000","-189,000,000","8,000,000","197,000,000","-10,000,000","-10,000,000",,,,,"143,000,000",0,"143,000,000","143,000,000","143,000,000","143,000,000",,,,,,"143,000,000",1.151,1.044,"124,375,500","145,291,500","342,000,000","503,000,000","4,494,000,000","143,000,000","153,000,000","8,000,000","197,000,000","-189,000,000","340,000,000",,"1,573,000,000","274,000,000","143,000,000","-10,000,000","-10,000,000","624,000,000",0,0,9.140000343322754,9.270000457763672,9.050000190734863,9.25,8.720359802246094,5015900.0,AAL,"2,088,224,037","8,820,224,037",,,,0.096,,1.51,14.365
"5,674,000,000","5,674,000,000","1,619,000,000","4,055,000,000","2,865,000,000","1,962,000,000","1,714,000,000","1,714,000,000","497,000,000","-497,000,000","248,000,000","267,000,000","267,000,000",,"636,000,000","1,190,000,000","-195,000,000","14,000,000","209,000,000","-12,000,000","-12,000,000",,,,,"-11,000,000",0,"-11,000,000","-11,000,000","-11,000,000","-11,000,000",,,,,,"-11,000,000",-0.08,-0.08,"124,375,500","124,375,500","196,000,000","497,000,000","4,484,000,000","-11,000,000","1,000,000","14,000,000","209,000,000","-195,000,000","198,000,000",,"1,619,000,000","267,000,000","-11,000,000","-12,000,000","-12,000,000","477,000,000",0,0,8.729999542236328,9.050000190734863,8.510000228881836,8.609999656677246,8.11700439453125,7687900.0,AAL,"2,255,783,874","8,668,783,874",,,,0.104,,1.528,18.643
"5,068,000,000","5,068,000,000","1,461,000,000","3,607,000,000","2,943,000,000","1,937,000,000","1,703,000,000","1,703,000,000","481,000,000","-481,000,000","234,000,000","267,000,000","267,000,000",,"739,000,000","664,000,000","-194,000,000","5,000,000","199,000,000","-13,000,000","-13,000,000",,,,,"-505,000,000",0,"-505,000,000","-505,000,000","-505,000,000","-505,000,000",,,,,,"-505,000,000",-4.07,-4.07,"124,375,500","124,375,500","-298,000,000","481,000,000","4,404,000,000","-505,000,000","-492,000,000","5,000,000","199,000,000","-194,000,000","-306,000,000",,"1,461,000,000","267,000,000","-505,000,000","-13,000,000","-13,000,000","-26,000,000",0,0,7.179999828338623,7.460000038146973,7.090000152587891,7.349999904632568,6.929150104522705,5262600.0,AAL,"3,030,119,125","13,950,119,125",,,,0.139,,2.753,-357.695
