GDP,Inflation rate,Unemployment rate,Exchange Rate(w RMB),TotalRevenue,OperatingRevenue,CostOfRevenue,GrossProfit,OperatingExpense,SellingGeneralAndAdministration,DepreciationAmortizationDepletionIncomeStatement,DepreciationAndAmortizationInIncomeStatement,Amortization,AmortizationOfIntangiblesIncomeStatement,OperatingIncome,NetNonOperatingInterestIncomeExpense,InterestIncomeNonOperating,InterestExpenseNonOperating,TotalOtherFinanceCost,OtherIncomeExpense,GainOnSaleOfSecurity,EarningsFromEquityInterest,SpecialIncomeCharges,RestructuringAndMergernAcquisition,ImpairmentOfCapitalAssets,OtherSpecialCharges,GainOnSaleOfBusiness,GainOnSaleOfPPE,OtherNonOperatingIncomeExpenses,PretaxIncome,TaxProvision,NetIncomeCommonStockholders,NetIncome,NetIncomeIncludingNoncontrollingInterests,NetIncomeContinuousOperations,NetIncomeDiscontinuousOperations,NetIncomeExtraordinary,MinorityInterests,DilutedNIAvailtoComStockholders,BasicEPS,DilutedEPS,BasicAverageShares,DilutedAverageShares,TotalExpenses,NetIncomeFromContinuingAndDiscontinuedOperation,NormalizedIncome,InterestIncome,InterestExpense,NetInterestIncome,EBIT,EBITDA,ReconciledCostOfRevenue,ReconciledDepreciation,NetIncomeFromContinuingOperationNetMinorityInterest,TotalUnusualItemsExcludingGoodwill,TotalUnusualItems,NormalizedEBITDA,TaxRateForCalcs,TaxEffectOfUnusualItems,open,high,low,close,adjclose,volume,ticker,MarketCap,EnterpriseValue,PeRatio,ForwardPeRatio,PegRatio,PsRatio,PbRatio,EnterprisesValueRevenueRatio,EnterprisesValueEBITDARatio,date
22061.503,1.9,6.166666667,6.459151333,"15,613,000,000","15,613,000,000","9,782,000,000","5,831,000,000","4,385,000,000","3,113,000,000","1,272,000,000","1,272,000,000",,,"1,446,000,000","-284,000,000","131,000,000","415,000,000",,"68,000,000",,"213,000,000","-414,000,000","414,000,000",,,,,"269,000,000","1,230,000,000","108,000,000","901,000,000","901,000,000","1,111,000,000","1,122,000,000","-11,000,000",,"-210,000,000","901,000,000",0.5,0.49,"1,817,000,000","1,829,000,000","14,167,000,000","901,000,000","1,289,568,000","131,000,000","415,000,000","-284,000,000","1,645,000,000",,"9,782,000,000","1,272,000,000","912,000,000","-414,000,000","-414,000,000","3,331,000,000",0.088,"-36,432,000",185.8300018,186.8999939,184.4199982,184.5200043,184.5200043,8478000,DIS,"334,952,494,643","376,159,494,643",,149.254,4.569,5.496,3.984,24.093,128.954,3/31/21
21494.731,1.266666667,6.766666667,6.484221,"16,249,000,000","16,249,000,000","11,775,000,000","4,474,000,000","4,215,000,000","2,917,000,000","1,298,000,000","1,298,000,000",,,"259,000,000","-291,000,000","113,000,000","404,000,000",,"78,000,000",,"224,000,000","-113,000,000","113,000,000",,,,,"-33,000,000","46,000,000","16,000,000","17,000,000","17,000,000","18,000,000","30,000,000","-12,000,000",,"-1,000,000","17,000,000",0.01,0.01,"1,812,000,000","1,823,000,000","15,990,000,000","17,000,000","102,676,000","113,000,000","404,000,000","-291,000,000","450,000,000",,"11,775,000,000","1,298,000,000","29,000,000","-113,000,000","-113,000,000","1,861,000,000",0.348,"-39,324,000",181.2200012,183.3999939,180.2700043,181.1799927,181.1799927,7073500,DIS,"328,023,679,003","368,737,679,003",,89.286,2.967,5.01,3.925,22.693,210.948,12/31/20
21170.252,1.233333333,8.8,6.622163667,"14,707,000,000","14,707,000,000","11,013,000,000","3,694,000,000","4,147,000,000","2,812,000,000","1,335,000,000","1,335,000,000",,,"-453,000,000","-488,000,000","-24,000,000","464,000,000",,"361,000,000","65,000,000","106,000,000","198,000,000","393,000,000",,"-591,000,000",,,,"-580,000,000","49,000,000","-710,000,000","-710,000,000","-629,000,000","-629,000,000",0,,"-81,000,000","-710,000,000",-0.39,-0.39,"1,809,000,000","1,809,000,000","15,160,000,000","-710,000,000","-901,990,000","-24,000,000","464,000,000","-488,000,000","-116,000,000",,"11,013,000,000","1,335,000,000","-710,000,000","263,000,000","263,000,000","956,000,000",0.27,"71,010,000",123.2399979,125.5500031,123.2399979,124.0800018,124.0800018,13642500,DIS,"224,220,422,329","265,526,422,329",,48.077,13.327,3.218,2.611,18.054,217.823,9/30/20
19520.114,0.333333333,13.06666667,6.918338333,"11,779,000,000","11,779,000,000","7,896,000,000","3,883,000,000","3,832,000,000","2,455,000,000","1,377,000,000","1,377,000,000",,,"51,000,000","-415,000,000","41,000,000","456,000,000",,"-4,476,000,000",,"186,000,000","-4,665,000,000","94,000,000","4,953,000,000","-382,000,000",,,"3,000,000","-4,840,000,000","-331,000,000","-4,721,000,000","-4,721,000,000","-4,512,000,000","-4,509,000,000","-3,000,000",,"-209,000,000","-4,721,000,000",-2.61,-2.61,"1,809,000,000","1,809,000,000","11,728,000,000","-4,721,000,000","-370,220,000","41,000,000","456,000,000","-415,000,000","-4,384,000,000",,"7,894,000,000","1,379,000,000","-4,718,000,000","-4,665,000,000","-4,665,000,000","1,660,000,000",0.068,"-317,220,000",111.5,112.0500031,109.9300003,111.5100021,111.5100021,10565900,DIS,"198,599,310,000","239,706,310,000",48.694,36.232,10.029,2.588,2.197,20.35,-79.769,6/30/20
21561.139,2.1,3.8,7.085335333,"18,009,000,000","18,009,000,000","11,918,000,000","6,091,000,000","4,721,000,000","3,388,000,000","1,333,000,000","1,333,000,000",,,"1,370,000,000","-302,000,000","63,000,000","365,000,000",,"-8,000,000",,"135,000,000","-145,000,000","145,000,000",,,,,"2,000,000","1,060,000,000","525,000,000","460,000,000","460,000,000","520,000,000","535,000,000","-15,000,000",,"-60,000,000","460,000,000",0.25,0.25,"1,808,000,000","1,816,000,000","16,639,000,000","460,000,000","580,850,000","63,000,000","365,000,000","-302,000,000","1,425,000,000",,"11,918,000,000","1,333,000,000","475,000,000","-145,000,000","-145,000,000","2,903,000,000",0.27,"-39,150,000",100.2200012,103.1600037,96.16000366,96.59999847,96.59999847,21563200,DIS,"172,044,600,000","213,286,600,000",17.312,23.148,3.887,2.245,1.917,11.843,77.334,3/31/20
21747.394,2.066666667,3.6,6.982367333,"20,858,000,000","20,858,000,000","13,016,000,000","7,842,000,000","5,001,000,000","3,703,000,000","1,298,000,000","1,298,000,000",,,"2,841,000,000","-286,000,000","76,000,000","362,000,000",,"77,000,000",,"224,000,000","-150,000,000","150,000,000",,,,,"3,000,000","2,632,000,000","459,000,000","2,107,000,000","2,107,000,000","2,147,000,000","2,173,000,000","-26,000,000",,"-40,000,000","2,107,000,000",1.17,1.16,"1,805,000,000","1,817,000,000","18,017,000,000","2,107,000,000","2,256,900,000","76,000,000","362,000,000","-286,000,000","2,994,000,000",,"13,016,000,000","1,298,000,000","2,133,000,000","-150,000,000","-150,000,000","4,442,000,000",0.174,"-26,100,000",143.6699982,144.7700043,143.2599945,144.6300049,144.6300049,5662900,DIS,"257,586,030,000","299,154,030,000",23.067,27.1,3.34,3.463,2.898,14.342,69.7,12/31/19
21540.325,1.733333333,3.6,7.042811333,"19,100,000,000","19,100,000,000","11,822,000,000","7,278,000,000","4,993,000,000","3,697,000,000","1,296,000,000","1,296,000,000",,,"2,285,000,000","-284,000,000","129,000,000","413,000,000",,"-743,000,000",,"131,000,000","-797,000,000","314,000,000",,"511,000,000",,,,"1,258,000,000","344,000,000","1,054,000,000","1,054,000,000","1,205,000,000","914,000,000","291,000,000",,"-151,000,000","1,054,000,000",0.58,0.58,"1,804,000,000","1,816,000,000","16,815,000,000","1,054,000,000","1,342,060,413.36","129,000,000","413,000,000","-284,000,000","1,671,000,000",,"11,822,000,000","1,296,000,000","763,000,000","-797,000,000","-797,000,000","3,764,000,000",0.273,"-217,939,586.65",130.3500061,130.8600006,129.8200073,130.3200073,129.543869,5532500,DIS,"232,099,920,000","283,605,920,000",17.307,21.413,3.19,3.192,2.565,14.848,95.587,9/30/19
21329.877,1.8,3.666666667,7.018496333,"20,245,000,000","20,245,000,000","12,819,000,000","7,426,000,000","4,666,000,000","3,362,000,000","1,304,000,000","1,304,000,000",,,"2,760,000,000","-438,000,000","34,000,000","472,000,000","411,000,000","-304,000,000",,"-1,000,000","-330,000,000","330,000,000",,,,,"27,000,000","2,018,000,000","395,000,000","1,760,000,000","1,760,000,000","1,982,000,000","1,623,000,000","359,000,000",,"-222,000,000","1,760,000,000",0.98,0.97,"1,802,000,000","1,814,000,000","17,485,000,000","1,760,000,000","1,666,320,000","34,000,000","472,000,000","-438,000,000","2,490,000,000",,"12,819,000,000","1,304,000,000","1,401,000,000","-330,000,000","-330,000,000","4,124,000,000",0.196,"-64,680,000",,,,,,,,"251,309,957,468","298,162,957,468",15.655,21.459,3.195,3.524,2.765,14.728,78.588,6/30/19
21115.309,1.666666667,3.866666667,6.822179,"14,922,000,000","14,922,000,000","8,376,000,000","6,546,000,000","3,155,000,000","2,327,000,000","828,000,000","828,000,000",,,"3,391,000,000","-168,000,000","30,000,000","198,000,000",,"4,014,000,000",,"-312,000,000","4,301,000,000","-4,255,000,000",,"-46,000,000",,,"25,000,000","7,237,000,000","1,647,000,000","5,452,000,000","5,452,000,000","5,611,000,000","5,590,000,000","21,000,000",,"-159,000,000","5,452,000,000",3.56,3.55,"1,530,000,000","1,537,000,000","11,531,000,000","5,452,000,000","2,110,628,000","30,000,000","198,000,000","-168,000,000","7,435,000,000",,"8,376,000,000","828,000,000","5,431,000,000","4,301,000,000","4,301,000,000","3,962,000,000",0.228,"980,628,000",,,,,,,,"199,589,903,819","215,799,903,819",15.189,15.949,1.801,2.807,3.93,14.462,26.116,3/31/19
20909.853,2.2,3.833333333,6.749196,"15,303,000,000","15,303,000,000","9,001,000,000","6,302,000,000","2,884,000,000","2,152,000,000","732,000,000","732,000,000",,,"3,418,000,000","-88,000,000","75,000,000","163,000,000",,"101,000,000",,"76,000,000",0,0,,,,,"25,000,000","3,431,000,000","645,000,000","2,788,000,000","2,788,000,000","2,786,000,000","2,786,000,000",,,"2,000,000","2,788,000,000",1.87,1.86,"1,490,000,000","1,498,000,000","11,885,000,000","2,788,000,000","2,788,000,000","75,000,000","163,000,000","-88,000,000","3,594,000,000",,"9,001,000,000","732,000,000","2,788,000,000",0,0,"4,326,000,000",0.188,0,109.1100006,109.6699982,107.5500031,109.6500015,108.3261261,7241700,DIS,"164,475,000,000","181,199,000,000",13.116,14.881,1.217,2.78,3.35,11.841,41.886,12/31/18
20742.723,2.633333333,3.766666667,6.916604667,"14,307,000,000","14,307,000,000","8,108,000,000","6,199,000,000","3,116,000,000","2,322,000,000","794,000,000","794,000,000",,,"3,083,000,000","-159,000,000","30,000,000","189,000,000",,"278,000,000",,"-224,000,000","596,000,000","2,000,000",,,,,"507,000,000","3,202,000,000","783,000,000","2,322,000,000","2,322,000,000","2,419,000,000","2,419,000,000",,,"-97,000,000","2,322,000,000",1.56,1.55,"1,489,000,000","1,497,000,000","11,224,000,000","2,322,000,000","1,871,742,660.84","30,000,000","189,000,000","-159,000,000","3,391,000,000",,"8,108,000,000","794,000,000","2,322,000,000","596,000,000","596,000,000","3,589,000,000",0.245,"145,742,660.84",,,,,,,,"173,918,149,176","193,265,149,176",14.709,15.974,1.512,3.069,3.806,13.508,46.18,9/30/18
20552.653,2.733333333,3.933333333,6.811199667,"15,228,000,000","15,228,000,000","8,348,000,000","6,880,000,000","2,956,000,000","2,212,000,000","744,000,000","744,000,000",,,"3,924,000,000","-143,000,000","32,000,000","175,000,000",,"73,000,000",,"73,000,000",,,,,,,,"3,854,000,000","795,000,000","2,916,000,000","2,916,000,000","3,059,000,000","3,059,000,000",,,"-143,000,000","2,916,000,000",1.96,1.95,"1,491,000,000","1,498,000,000","11,304,000,000","2,916,000,000","2,916,000,000","32,000,000","175,000,000","-143,000,000","4,029,000,000",,"8,348,000,000","744,000,000","2,916,000,000",,,"4,773,000,000",0.206,0,,,,,,,,"155,826,324,202","176,331,324,202",13.975,13.495,1.103,2.83,3.482,11.579,36.944,6/30/18
20242.215,2.233333333,4.033333333,6.38216,"14,548,000,000","14,548,000,000","7,533,000,000","7,015,000,000","2,978,000,000","2,247,000,000","731,000,000","731,000,000",,,"4,037,000,000","-143,000,000","29,000,000","172,000,000",,"34,000,000",,"6,000,000","-13,000,000","13,000,000",,,,,"41,000,000","3,928,000,000","813,000,000","2,937,000,000","2,937,000,000","3,115,000,000","3,115,000,000",,,"-178,000,000","2,937,000,000",1.95,1.95,"1,503,000,000","1,510,000,000","10,511,000,000","2,937,000,000","2,947,309,000","29,000,000","172,000,000","-143,000,000","4,100,000,000",,"7,533,000,000","731,000,000","2,937,000,000","-13,000,000","-13,000,000","4,844,000,000",0.207,"-2,691,000",,,,,,,,"151,029,165,110","172,443,165,110",14.247,14.286,1.216,2.808,3.48,11.853,35.695,3/31/18
19937.963,2.1,4.133333333,6.357802,"15,351,000,000","15,351,000,000","8,737,000,000","6,614,000,000","2,821,000,000","2,079,000,000","742,000,000","742,000,000",,,"3,793,000,000","-129,000,000","17,000,000","146,000,000",,"81,000,000",,"43,000,000","38,000,000","15,000,000",,,,"53,000,000","53,000,000","3,745,000,000","-728,000,000","4,423,000,000","4,423,000,000","4,473,000,000","4,473,000,000",,,"-50,000,000","4,423,000,000",2.93,2.91,"1,512,000,000","1,521,000,000","11,558,000,000","4,423,000,000","4,392,372,000","17,000,000","146,000,000","-129,000,000","3,891,000,000",,"8,737,000,000","742,000,000","4,423,000,000","38,000,000","38,000,000","4,595,000,000",0.194,"7,372,000",,,,,,,,"162,047,877,929","183,321,877,929",18.895,17.331,1.777,3.077,3.922,11.942,39.569,12/31/17
19617.288,1.933333333,4.3,6.613583333,"12,779,000,000","12,779,000,000","7,214,000,000","5,565,000,000","2,936,000,000","2,228,000,000","708,000,000","708,000,000",,,"2,629,000,000","-85,000,000","52,000,000","137,000,000",,"150,000,000",,"-7,000,000","-20,000,000","-157,000,000",,,,,"255,000,000","2,694,000,000","829,000,000","1,747,000,000","1,747,000,000","1,865,000,000","1,865,000,000",,,"-118,000,000","1,747,000,000",1.14,1.13,"1,538,000,000","1,547,000,000","10,150,000,000","1,747,000,000","1,760,845,582.78","52,000,000","137,000,000","-85,000,000","2,831,000,000",,"7,214,000,000","708,000,000","1,747,000,000","-20,000,000","-20,000,000","3,559,000,000",0.308,"-6,154,417.22",,,,,,,,"152,140,918,325","169,991,918,325",17.446,15.385,1.924,2.832,3.476,13.302,48.034,9/30/17
19379.232,1.9,4.4,6.666385333,"14,238,000,000","14,238,000,000","7,717,000,000","6,521,000,000","2,733,000,000","2,022,000,000","711,000,000","711,000,000",,,"3,788,000,000","-117,000,000","17,000,000","134,000,000",,"-53,000,000",,"124,000,000",0,0,,,,,"-177,000,000","3,618,000,000","1,144,000,000","2,366,000,000","2,366,000,000","2,474,000,000","2,474,000,000",,,"-108,000,000","2,366,000,000",1.51,1.51,"1,562,000,000","1,572,000,000","10,450,000,000","2,366,000,000","2,366,000,000","17,000,000","134,000,000","-117,000,000","3,752,000,000",,"7,717,000,000","711,000,000","2,366,000,000",0,0,"4,463,000,000",0.316,0,106.25,106.5599976,105.5,106.25,101.7471542,5113800,DIS,"166,268,399,700","184,121,399,700",18.51,15.528,1.804,3.08,3.797,12.932,41.255,6/30/17
19237.435,2.533333333,4.566666667,6.861657333,"13,336,000,000","13,336,000,000","6,969,000,000","6,367,000,000","2,617,000,000","1,941,000,000","676,000,000","676,000,000",,,"3,750,000,000","-84,000,000","31,000,000","115,000,000",,"85,000,000",,"85,000,000",0,0,,,,,,"3,751,000,000","1,212,000,000","2,388,000,000","2,388,000,000","2,539,000,000","2,539,000,000",,,"-151,000,000","2,388,000,000",1.51,1.5,"1,580,000,000","1,591,000,000","9,586,000,000","2,388,000,000","2,388,000,000","31,000,000","115,000,000","-84,000,000","3,866,000,000",,"6,969,000,000","676,000,000","2,388,000,000",0,0,"4,542,000,000",0.323,0,113,113.7099991,112.9499969,113.3899994,108.5845642,4617400,DIS,"179,297,738,160","196,051,738,160",20.431,19.084,2.309,3.335,4.149,14.701,43.164,3/31/17
19032.58,1.8,4.766666667,6.887835,"14,784,000,000","14,784,000,000","8,406,000,000","6,378,000,000","2,672,000,000","1,985,000,000","687,000,000","687,000,000",,,"3,706,000,000","-99,000,000","22,000,000","121,000,000",,"118,000,000",,"118,000,000",0,0,,,,,,"3,725,000,000","1,237,000,000","2,479,000,000","2,479,000,000","2,488,000,000","2,488,000,000",,,"-9,000,000","2,479,000,000",1.56,1.55,"1,592,000,000","1,603,000,000","11,078,000,000","2,479,000,000","2,479,000,000","22,000,000","121,000,000","-99,000,000","3,846,000,000",,"8,406,000,000","687,000,000","2,479,000,000",0,0,"4,533,000,000",0.332,0,,,,,,,,"165,862,063,544","181,422,063,544",18.188,17.452,2.167,3.07,3.854,12.272,40.023,12/31/16
18821.359,1.133333333,4.9,6.831517667,"13,142,000,000","13,142,000,000","7,305,000,000","5,837,000,000","2,976,000,000","2,287,000,000","689,000,000","689,000,000",,,"2,861,000,000","-99,000,000","20,000,000","119,000,000",,"119,000,000",,"150,000,000","-31,000,000","31,000,000",,,,,,"2,881,000,000","989,000,000","1,771,000,000","1,771,000,000","1,892,000,000","1,892,000,000",,,"-121,000,000","1,771,000,000",1.1,1.1,"1,606,000,000","1,615,000,000","10,281,000,000","1,771,000,000","1,791,358,208.96","20,000,000","119,000,000","-99,000,000","3,000,000,000",,"7,305,000,000","689,000,000","1,771,000,000","-31,000,000","-31,000,000","3,720,000,000",0.343,"-10,641,791.05",92.27999878,93.48999786,92.20999908,92.86000061,88.24453735,8923700,DIS,"149,235,415,853","164,449,415,853",16.642,15.221,1.707,2.75,3.377,12.513,44.578,9/30/16
18656.207,1.033333333,4.933333333,6.667625,"14,277,000,000","14,277,000,000","7,201,000,000","7,076,000,000","2,931,000,000","2,305,000,000","626,000,000","626,000,000",,,"4,145,000,000","-70,000,000","18,000,000","88,000,000",,"108,000,000",,"152,000,000","-44,000,000","44,000,000",,,,,,"4,183,000,000","1,471,000,000","2,597,000,000","2,597,000,000","2,712,000,000","2,712,000,000",,,"-115,000,000","2,597,000,000",1.6,1.59,"1,621,000,000","1,631,000,000","10,132,000,000","2,597,000,000","2,625,512,000","18,000,000","88,000,000","-70,000,000","4,271,000,000",,"7,201,000,000","626,000,000","2,597,000,000","-44,000,000","-44,000,000","4,941,000,000",0.352,"-15,488,000",97.09999847,98.06999969,96.87999725,97.81999969,92.28761292,7189500,DIS,"158,707,150,056","174,814,150,056",17.982,15.576,1.487,2.995,3.597,12.244,35.698,6/30/16
18470.156,1.1,4.9,6.530393333,"12,969,000,000","12,969,000,000","6,864,000,000","6,105,000,000","2,742,000,000","2,137,000,000","605,000,000","605,000,000",,,"3,363,000,000","-67,000,000","14,000,000","81,000,000",,"150,000,000",,"150,000,000",0,0,,,,,,"3,446,000,000","1,170,000,000","2,143,000,000","2,143,000,000","2,276,000,000","2,276,000,000",,,"-133,000,000","2,143,000,000",1.31,1.3,"1,633,000,000","1,643,000,000","9,606,000,000","2,143,000,000","2,143,000,000","14,000,000","81,000,000","-67,000,000","3,527,000,000",,"6,864,000,000","605,000,000","2,143,000,000",0,0,"4,132,000,000",0.34,0,99.01000214,100.3700027,99.01000214,99.30999756,93.69335175,7038800,DIS,"162,031,231,596","176,645,231,596",18.528,15.48,1.432,3.102,3.686,13.621,42.751,3/31/16
18378.803,0.466666667,5.033333333,6.540867,"15,244,000,000","15,244,000,000","8,623,000,000","6,621,000,000","2,632,000,000","2,025,000,000","607,000,000","607,000,000",,,"3,989,000,000","-24,000,000","42,000,000","66,000,000",,"393,000,000",,"474,000,000","-81,000,000","81,000,000",,,,,,"4,358,000,000","1,448,000,000","2,880,000,000","2,880,000,000","2,910,000,000","2,910,000,000",,,"-30,000,000","2,880,000,000",1.74,1.73,"1,654,000,000","1,668,000,000","11,255,000,000","2,880,000,000","2,934,108,000","42,000,000","66,000,000","-24,000,000","4,424,000,000",,"8,623,000,000","607,000,000","2,880,000,000","-81,000,000","-81,000,000","5,112,000,000",0.332,"-26,892,000",106.1399994,106.3099976,105.0599976,105.0800018,99.13700867,6670100,DIS,"173,715,932,365","186,782,932,365",21.445,18.587,2.018,3.423,3.902,12.253,37.126,12/31/15
18347.425,0.133333333,5.1,6.38993,"13,512,000,000","13,512,000,000","7,355,000,000","6,157,000,000","3,009,000,000","2,406,000,000","603,000,000","603,000,000",,,"3,148,000,000","-55,000,000","13,000,000","68,000,000",,"131,000,000",,"184,000,000","-53,000,000","53,000,000",,,,,,"3,224,000,000","1,483,000,000","1,609,000,000","1,609,000,000","1,741,000,000","1,741,000,000",,,"-132,000,000","1,609,000,000",0.96,0.95,"1,679,000,000","1,694,000,000","10,364,000,000","1,609,000,000","1,640,800,000","13,000,000","68,000,000","-55,000,000","3,292,000,000",,"7,355,000,000","603,000,000","1,609,000,000","-53,000,000","-53,000,000","3,948,000,000",0.4,"-21,200,000",100.7799988,102.4300003,100.5,102.1999969,95.80575562,9190000,DIS,"172,499,080,752","183,297,080,752",21.247,18.282,1.556,3.422,3.708,13.566,47.06,9/30/15
18223.577,-0.033333333,5.433333333,6.301371,"13,101,000,000","13,101,000,000","6,663,000,000","6,438,000,000","2,676,000,000","2,101,000,000","575,000,000","575,000,000",,,"3,762,000,000","-12,000,000","50,000,000","62,000,000",,"212,000,000",,"212,000,000",0,0,,,,,,"3,962,000,000","1,323,000,000","2,483,000,000","2,483,000,000","2,639,000,000","2,639,000,000",,,"-156,000,000","2,483,000,000",1.46,1.45,"1,696,000,000","1,711,000,000","9,339,000,000","2,483,000,000","2,483,000,000","50,000,000","62,000,000","-12,000,000","4,024,000,000",,"6,663,000,000","575,000,000","2,483,000,000",0,0,"4,599,000,000",0.334,0,113.9300003,114.8600006,113.5500031,114.1399994,106.3800125,6946700,DIS,"182,624,000,000","193,836,000,000",24.546,20.04,1.74,3.891,3.967,14.796,42.147,6/30/15
18003.399,-0.066666667,5.533333333,6.203586667,"12,461,000,000","12,461,000,000","6,690,000,000","5,771,000,000","2,665,000,000","2,081,000,000","584,000,000","584,000,000",,,"3,106,000,000","8,000,000","74,000,000","66,000,000",,"206,000,000",,"206,000,000",0,0,,,,0,,"3,320,000,000","1,092,000,000","2,108,000,000","2,108,000,000","2,228,000,000","2,228,000,000",,,"-120,000,000","2,108,000,000",1.24,1.23,"1,699,000,000","1,715,000,000","9,355,000,000","2,108,000,000","2,108,000,000","74,000,000","66,000,000","8,000,000","3,386,000,000",,"6,690,000,000","584,000,000","2,108,000,000",0,0,"3,970,000,000",0.329,0,105.5999985,106.3199997,104.8899994,104.8899994,97.75888824,5701600,DIS,"178,313,000,000","189,779,000,000",23.309,18.868,1.578,3.663,4.037,15.23,47.803,3/31/15
17849.912,1.266666667,5.7,6.236528333,"13,391,000,000","13,391,000,000","7,656,000,000","5,735,000,000","2,527,000,000","1,935,000,000","592,000,000","592,000,000",,,"3,208,000,000","-58,000,000","11,000,000","69,000,000",,"212,000,000",,"212,000,000",0,0,,,,,,"3,362,000,000","1,118,000,000","2,182,000,000","2,182,000,000","2,244,000,000","2,244,000,000",,,"-62,000,000","2,182,000,000",1.28,1.27,"1,700,000,000","1,717,000,000","10,183,000,000","2,182,000,000","2,182,000,000","11,000,000","69,000,000","-58,000,000","3,431,000,000",,"7,656,000,000","592,000,000","2,182,000,000",0,0,"4,023,000,000",0.333,0,95.12999725,95.51999664,94.02999878,94.19000244,87.78635406,4797000,DIS,"160,123,000,000","171,542,000,000",22.11,19.268,1.634,3.394,3.562,12.81,42.64,12/31/14
17721.657,1.8,6.066666667,6.147504,"12,389,000,000","12,389,000,000","-860,000,000","13,249,000,000",,,,,,,"2,396,000,000","-38,000,000","34,000,000","72,000,000",,"103,000,000",,"176,000,000","4,000,000","73,000,000",,,,,"66,000,000","2,461,000,000","836,000,000","1,499,000,000","1,499,000,000","1,625,000,000","1,625,000,000",,,"-126,000,000","1,499,000,000",0.87,0.86,"1,716,000,000","1,734,000,000","9,993,000,000","1,499,000,000","1,590,781,796.02","34,000,000","72,000,000","-38,000,000","2,533,000,000",,"-860,000,000","590,000,000","1,499,000,000","-139,000,000","-139,000,000","3,262,000,000",0.34,"-47,218,203.98",88.83999634,89.54000092,88.54000092,89.02999878,81.93574524,4824500,DIS,"151,351,000,000","163,397,000,000",21.35,19.455,1.322,3.295,3.325,13.189,52.321,9/30/14
17432.909,2.066666667,6.2,6.144023333,"12,466,000,000","12,466,000,000","8,968,000,000","3,498,000,000",,,,,,,"3,498,000,000","-50,000,000","24,000,000","74,000,000",,"222,000,000",,"222,000,000",0,0,,,,,,"3,670,000,000","1,251,000,000","2,245,000,000","2,245,000,000","2,419,000,000","2,419,000,000",,,"-174,000,000","2,245,000,000",1.3,1.28,"1,732,000,000","1,748,000,000","8,968,000,000","2,245,000,000","2,245,000,000","24,000,000","74,000,000","-50,000,000","3,744,000,000",,"8,968,000,000","557,000,000","2,245,000,000",0,0,"4,301,000,000",0.341,0,85.44000244,86.06999969,85.06999969,85.73999786,78.90791321,6991400,DIS,"145,758,000,000","157,284,000,000",22.041,18.315,1.506,3.267,3.247,12.617,36.569,6/30/14
17104.555,1.4,6.666666667,6.232581667,"11,649,000,000","11,649,000,000","8,668,000,000","2,981,000,000",,,,,,,"2,981,000,000","62,000,000","129,000,000","67,000,000","-62,000,000","132,000,000","-143,000,000","217,000,000","29,000,000","48,000,000",,,0,"77,000,000","29,000,000","3,175,000,000","1,119,000,000","1,917,000,000","1,917,000,000","2,056,000,000","2,056,000,000",,,"-139,000,000","1,917,000,000",1.1,1.08,"1,750,000,000","1,770,000,000","8,668,000,000","1,917,000,000","1,990,872,000","129,000,000","67,000,000","62,000,000","3,242,000,000",,"8,668,000,000","580,000,000","1,917,000,000","-114,000,000","-114,000,000","3,936,000,000",0.352,"-40,128,000",79.69999695,80.38999939,79.66000366,80.06999969,73.68972015,6848800,DIS,"136,119,000,000","147,123,000,000",21.997,17.094,1.377,3.148,3.071,12.63,38.494,3/31/14
17083.137,1.233333333,6.933333333,6.106293,"12,309,000,000","12,309,000,000","9,644,000,000","2,665,000,000",,,,,,,"2,665,000,000","49,000,000","130,000,000","81,000,000",,"226,000,000",,"239,000,000","-19,000,000","19,000,000",,,0,,"6,000,000","2,940,000,000","1,036,000,000","1,840,000,000","1,840,000,000","1,904,000,000","1,904,000,000",,,"-64,000,000","1,840,000,000",1.04,1.03,"1,762,000,000","1,784,000,000","9,644,000,000","1,840,000,000","1,852,312,000","130,000,000","81,000,000","49,000,000","3,021,000,000",,"9,644,000,000","561,000,000","1,840,000,000","-19,000,000","-19,000,000","3,601,000,000",0.352,"-6,688,000",76.27999878,76.5,75.80999756,76.40000153,70.31215668,4692300,DIS,"129,880,000,000","140,511,000,000",22.604,18.657,1.437,3.075,2.859,11.415,39.227,12/31/13
16848.748,1.566666667,7.233333333,6.103154333,"11,568,000,000","11,568,000,000","9,409,000,000","2,159,000,000",,,,,,,"2,159,000,000","-26,000,000","55,000,000","81,000,000",,"91,000,000",,"161,000,000","-162,000,000","93,000,000",,,,,"23,000,000","2,224,000,000","681,000,000","1,394,000,000","1,394,000,000","1,543,000,000","1,543,000,000",,,"-149,000,000","1,394,000,000",0.78,0.77,"1,786,000,000","1,805,000,000","9,409,000,000","1,394,000,000","1,506,394,784.17","55,000,000","81,000,000","-26,000,000","2,305,000,000",,"9,409,000,000","559,000,000","1,394,000,000","-162,000,000","-162,000,000","3,026,000,000",0.306,"-49,605,215.83",64.73000336,64.94999695,64.38999939,64.48999786,58.62739182,7463200,DIS,"116,082,000,000","127,153,000,000",19.542,16.181,1.202,2.647,2.666,10.992,44.397,9/30/13
16637.926,1.433333333,7.533333333,6.127453333,"11,578,000,000","11,578,000,000","8,574,000,000","3,004,000,000",,,,,,,"3,004,000,000","-83,000,000","10,000,000","93,000,000",,"172,000,000",,"232,000,000","-60,000,000","60,000,000",,,,,,"3,093,000,000","1,059,000,000","1,847,000,000","1,847,000,000","2,034,000,000","2,034,000,000",,,"-187,000,000","1,847,000,000",1.02,1.01,"1,802,000,000","1,821,000,000","8,574,000,000","1,847,000,000","1,886,480,000","10,000,000","93,000,000","-83,000,000","3,186,000,000",,"8,574,000,000","569,000,000","1,847,000,000","-60,000,000","-60,000,000","3,815,000,000",0.342,"-20,520,000",,,,,,,,"113,729,454,840","126,714,454,840",19.136,15.674,1.061,2.617,2.701,10.944,33.746,6/30/13
16569.591,1.7,7.733333333,6.156055,"10,554,000,000","10,554,000,000","8,359,000,000","2,195,000,000",,,,,,,"2,195,000,000","-54,000,000","29,000,000","83,000,000",,"134,000,000",,"185,000,000","-61,000,000","61,000,000",,,0,,"10,000,000","2,275,000,000","654,000,000","1,513,000,000","1,513,000,000","1,621,000,000","1,621,000,000",,,"-108,000,000","1,513,000,000",0.84,0.83,"1,804,000,000","1,825,000,000","8,359,000,000","1,513,000,000","1,556,432,000","29,000,000","83,000,000","-54,000,000","2,358,000,000",,"8,359,000,000","550,000,000","1,513,000,000","-61,000,000","-61,000,000","2,969,000,000",0.288,"-17,568,000",,,,,,,,"102,548,782,578","116,789,782,578",18.323,14.472,1.099,2.402,2.493,11.066,40.162,3/31/13
16358.863,1.9,7.8,6.224613,"11,341,000,000","11,341,000,000","9,249,000,000","2,092,000,000",,,,,,,"2,092,000,000","-72,000,000","20,000,000","92,000,000",,"8,000,000",,"110,000,000","-102,000,000",0,,"321,000,000","219,000,000",,,"2,028,000,000","590,000,000","1,382,000,000","1,382,000,000","1,438,000,000","1,438,000,000",,,"-56,000,000","1,382,000,000",0.78,0.77,"1,777,000,000","1,800,000,000","9,249,000,000","1,382,000,000","1,454,318,000","20,000,000","92,000,000","-72,000,000","2,120,000,000",,"9,249,000,000","514,000,000","1,382,000,000","-102,000,000","-102,000,000","2,736,000,000",0.291,"-29,682,000",48.88999939,49.79999924,48.79999924,49.79000092,45.26373672,10224500,DIS,"89,622,000,000","103,863,000,000",16.061,12.61,0.95,2.106,2.185,9.158,39.432,12/31/12
16257.151,1.7,8.033333333,6.250109667,"10,782,000,000","10,782,000,000","8,758,000,000","2,024,000,000",0,,,,,,"2,024,000,000","-91,000,000","24,000,000","115,000,000",,"181,000,000",,"175,000,000","6,000,000","49,000,000",,"-55,000,000",,,,"2,114,000,000","724,000,000","1,244,000,000","1,244,000,000","1,390,000,000","1,390,000,000",,,"-146,000,000","1,244,000,000",0.69,0.68,"1,793,000,000","1,817,000,000","8,758,000,000","1,244,000,000","1,240,054,872.28","24,000,000","115,000,000","-91,000,000","2,229,000,000",,"8,758,000,000","492,000,000","1,244,000,000","6,000,000","6,000,000","2,715,000,000",0.342,"2,054,872.28",,,,,,,,"93,804,682,988","104,453,682,988",17.254,14.881,1.035,2.282,2.352,9.688,38.388,9/30/12
16152.257,1.9,8.2,6.353122,"11,088,000,000","11,088,000,000","8,128,000,000","2,960,000,000",,,,,,,"2,960,000,000","-93,000,000","22,000,000","115,000,000",,"162,000,000",,"169,000,000","-7,000,000","7,000,000",,,,,,"3,029,000,000","993,000,000","1,831,000,000","1,831,000,000","2,036,000,000","2,036,000,000",,,"-205,000,000","1,831,000,000",1.02,1.01,"1,791,000,000","1,812,000,000","8,128,000,000","1,831,000,000","1,835,705,183.23","22,000,000","115,000,000","-93,000,000","3,144,000,000",,"8,128,000,000","522,000,000","1,831,000,000","-7,000,000","-7,000,000","3,673,000,000",0.328,"-2,294,816.77",,,,,,,,"86,687,189,599","98,985,189,599",17.384,13.793,1.053,2.167,2.306,8.927,27.001,6/30/12
16019.758,2.833333333,8.266666667,6.328607333,"9,629,000,000","9,629,000,000","7,942,000,000","1,687,000,000",,,,,,,"1,687,000,000","-95,000,000","31,000,000","126,000,000",,"284,000,000",,"138,000,000","146,000,000","38,000,000",,"-184,000,000",,,,"1,876,000,000","650,000,000","1,143,000,000","1,143,000,000","1,226,000,000","1,226,000,000",,,"-83,000,000","1,143,000,000",0.64,0.63,"1,793,000,000","1,818,000,000","7,942,000,000","1,143,000,000","1,047,586,353.95","31,000,000","126,000,000","-95,000,000","2,002,000,000",,"7,942,000,000","488,000,000","1,143,000,000","146,000,000","146,000,000","2,344,000,000",0.346,"50,586,353.95",,,,,,,,"78,469,544,134","89,089,544,134",16.583,12.854,1.025,2.013,2.136,9.252,35.779,3/31/12
15796.46,3.3,8.633333333,6.308894333,"10,779,000,000","10,779,000,000","8,587,000,000","2,192,000,000",,,,,,,"2,192,000,000","-90,000,000","26,000,000","116,000,000",,"139,000,000",,"145,000,000","-6,000,000","6,000,000",,,,,,"2,241,000,000","720,000,000","1,464,000,000","1,464,000,000","1,521,000,000","1,521,000,000",,,"-57,000,000","1,464,000,000",0.81,0.8,"1,798,000,000","1,824,000,000","8,587,000,000","1,464,000,000","1,468,072,289.16","26,000,000","116,000,000","-90,000,000","2,357,000,000",,"8,587,000,000","485,000,000","1,464,000,000","-6,000,000","-6,000,000","2,848,000,000",0.321,"-1,927,710.84",,,,,,,,"67,369,244,512","78,449,244,512",14.881,11.236,0.823,1.751,1.845,7.278,27.604,12/31/11
15591.85,3.766666667,9,6.357499667,"10,425,000,000","10,425,000,000","8,558,000,000","1,867,000,000",,,,,,,"1,867,000,000","-77,000,000","34,000,000","111,000,000",,"113,000,000",,"122,000,000","-9,000,000","9,000,000",,0,,,,"1,903,000,000","652,000,000","1,087,000,000","1,087,000,000","1,251,000,000","1,251,000,000",,,"-164,000,000","1,087,000,000",,,,,"8,558,000,000","1,087,000,000","1,092,916,447.71","34,000,000","111,000,000","-77,000,000","2,014,000,000",,"8,558,000,000","462,000,000","1,087,000,000","-9,000,000","-9,000,000","2,485,000,000",0.343,"-3,083,552.29",30.15999985,30.70999908,29.98999977,30.15999985,26.5575943,15135000,DIS,"55,977,092,643","67,057,092,643",11.968,10.341,0.79,1.408,1.497,6.432,27.083,9/30/11
15496.189,3.466666667,9.066666667,6.416732333,"10,675,000,000","10,675,000,000","8,229,000,000","2,446,000,000",,,,,,,"2,446,000,000","-88,000,000","25,000,000","113,000,000",,"150,000,000",,"184,000,000","-34,000,000","34,000,000",,,,,,"2,508,000,000","845,000,000","1,476,000,000","1,476,000,000","1,663,000,000","1,663,000,000",,,"-187,000,000","1,476,000,000",0.78,0.77,"1,883,000,000","1,912,000,000","8,229,000,000","1,476,000,000","1,498,544,657.10","25,000,000","113,000,000","-88,000,000","2,621,000,000",,"8,229,000,000","476,000,000","1,476,000,000","-34,000,000","-34,000,000","3,131,000,000",0.337,"-11,455,342.90",38.5,39.11999893,38.34999847,39.04000092,34.37693787,10049800,DIS,"73,791,600,994","83,510,600,994",16.542,13.038,1.129,1.872,1.895,7.823,26.965,6/30/11
15285.828,2.133333333,9.033333333,6.4995,"9,077,000,000","9,077,000,000","7,549,000,000","1,528,000,000",,,,,,,"1,528,000,000","-83,000,000","28,000,000","111,000,000",,"123,000,000",,"123,000,000",0,0,,,,,,"1,568,000,000","558,000,000","942,000,000","942,000,000","1,010,000,000","1,010,000,000",,,"-68,000,000","942,000,000",0.5,0.49,"1,899,000,000","1,934,000,000","7,549,000,000","942,000,000","942,000,000","28,000,000","111,000,000","-83,000,000","1,679,000,000",,"7,549,000,000","456,000,000","942,000,000",0,0,"2,135,000,000",0.356,0,43.06000137,43.20999908,42.70000076,43.09000015,37.94319916,7206400,DIS,"81,830,884,933","91,508,884,933",19.066,14.184,1.453,2.119,2.117,10.081,42.861,3/31/11
15240.843,1.266666667,9.5,6.580304,"10,716,000,000","10,716,000,000","8,776,000,000","1,940,000,000",0,,,,,,"1,940,000,000","-95,000,000","5,000,000","100,000,000",,"219,000,000",,"156,000,000","63,000,000","12,000,000",,"-75,000,000",,,,"2,064,000,000","730,000,000","1,302,000,000","1,302,000,000","1,334,000,000","1,334,000,000",,,"-32,000,000","1,302,000,000",0.69,0.68,"1,891,000,000","1,927,000,000","8,776,000,000","1,302,000,000","1,261,281,976.74","5,000,000","100,000,000","-95,000,000","2,164,000,000",,"8,776,000,000","447,000,000","1,302,000,000","63,000,000","63,000,000","2,548,000,000",0.354,"22,281,976.74",37.36999893,37.59999847,37.20999908,37.50999832,33.0296936,3650800,DIS,"71,028,320,610","80,744,320,610",16.524,13.369,1.365,1.877,1.879,7.535,30.925,12/31/10
15079.917,1.133333333,9.466666667,6.658365,"9,742,000,000","9,742,000,000","8,221,000,000","1,521,000,000",0,,,,,,"1,521,000,000","-87,000,000","1,000,000","88,000,000",,0,,,"382,000,000","58,000,000",,"-440,000,000",,,,"1,434,000,000","468,000,000","835,000,000","835,000,000","966,000,000","966,000,000",,,"-131,000,000","835,000,000",,,,,"8,221,000,000","835,000,000","577,669,456.07","1,000,000","88,000,000","-87,000,000","1,522,000,000",,"8,221,000,000","434,000,000","835,000,000","382,000,000","382,000,000","1,574,000,000",0.326,"124,669,456.07",33.18999863,33.49000168,32.83000183,33.09999847,28.83108139,14459500,DIS,"63,307,290,144","73,289,290,144",16.305,,,1.694,1.687,7.523,37.469,9/30/10
14926.098,1.766666667,9.633333333,6.770695,"10,002,000,000","10,002,000,000","7,723,000,000","2,279,000,000",0,,,,,,"2,279,000,000","-89,000,000","14,000,000","103,000,000",,"146,000,000",,"139,000,000","7,000,000","36,000,000",,"-43,000,000",,,,"2,336,000,000","831,000,000","1,331,000,000","1,331,000,000","1,505,000,000","1,505,000,000",,,"-174,000,000","1,331,000,000",0.68,0.67,"1,945,000,000","1,978,000,000","7,723,000,000","1,331,000,000","1,326,490,154.11","14,000,000","103,000,000","-89,000,000","2,439,000,000",,"7,723,000,000","432,000,000","1,331,000,000","7,000,000","7,000,000","2,864,000,000",0.356,"2,490,154.11",32.15999985,32.50999832,31.36000061,31.5,27.43742943,17186400,DIS,"61,694,624,911","71,370,624,911",15.217,,,1.596,1.625,7.136,24.859,6/30/10
14721.35,2.333333333,9.833333333,6.824717,"8,580,000,000","8,580,000,000","7,068,000,000","1,512,000,000",0,,,,,,"1,512,000,000","-130,000,000",,"130,000,000",,"153,000,000",,"154,000,000","-1,000,000","71,000,000",,"-70,000,000",,,,"1,535,000,000","537,000,000","953,000,000","953,000,000","998,000,000","998,000,000",,,"-45,000,000","953,000,000",0.49,0.48,"1,940,000,000","1,973,000,000","7,068,000,000","953,000,000","953,650,162.87",,"130,000,000","-130,000,000","1,665,000,000",,"7,068,000,000","424,000,000","953,000,000","-1,000,000","-1,000,000","2,090,000,000",0.35,"-349,837.13",35.06999969,35.20000076,34.81000137,34.90999985,30.40764618,10789500,DIS,"67,708,485,092","77,874,485,092",18.277,,,1.812,1.807,9.076,37.278,3/31/10
,,,6.827639667,,,,,,,,,,,,,,,,,,,,,,,,,,,,,,,,,,,,,,,,,,,,,,,,,,,,,,,,,,,,,,,,,,,,,,,,