TotalRevenue,	OperatingRevenue,CostOfRevenue,GrossProfit,OperatingExpense,	SellingGeneralAndAdministration,		GeneralAndAdministrativeExpense,			OtherGandA,		SellingAndMarketingExpense,	ResearchAndDevelopment,	OtherOperatingExpenses,OperatingIncome,NetNonOperatingInterestIncomeExpense,	InterestIncomeNonOperating,	InterestExpenseNonOperating,OtherIncomeExpense,	SpecialIncomeCharges,		OtherSpecialCharges,	OtherNonOperatingIncomeExpenses,PretaxIncome,TaxProvision,NetIncomeCommonStockholders,	NetIncome,		NetIncomeIncludingNoncontrollingInterests,			NetIncomeContinuousOperations,AverageDilutionEarnings,DilutedNIAvailtoComStockholders,BasicEPS,DilutedEPS,BasicAverageShares,DilutedAverageShares,TotalOperatingIncomeAsReported,TotalExpenses,NetIncomeFromContinuingAndDiscontinuedOperation,NormalizedIncome,InterestIncome,InterestExpense,NetInterestIncome,EBIT,EBITDA,ReconciledCostOfRevenue,ReconciledDepreciation,NetIncomeFromContinuingOperationNetMinorityInterest,TotalUnusualItemsExcludingGoodwill,TotalUnusualItems,NormalizedEBITDA,TaxRateForCalcs,TaxEffectOfUnusualItems,open,high,low,close,adjclose,volume,ticker,MarketCap,EnterpriseValue,PeRatio,ForwardPeRatio,PegRatio,PsRatio,PbRatio,EnterprisesValueRevenueRatio,EnterprisesValueEBITDARatio
"7,163,282,000","7,163,282,000","3,868,511,000","3,294,771,000","1,334,915,000","1,334,915,000","822,403,000","822,403,000","512,512,000","525,207,000",,"1,959,856,000","74,646,000","269,086,000","194,440,000",,,,,"2,034,502,000","327,787,000","1,706,715,000","1,706,715,000","1,706,715,000","1,706,715,000",,"1,706,715,000",3.85,3.75,"443,224,000","455,641,000","1,959,856,000","5,203,426,000","1,706,715,000","1,706,715,000","269,086,000","194,440,000","74,646,000","2,228,942,000",,"3,868,511,000","2,754,937,000","1,706,715,000",,,"4,983,879,000",0.16,0,515.6699829101562,528.1300048828125,515.4400024414062,521.6599731445312,521.6599731445312,3503100.0,NFLX,"231,295,557,635","239,398,980,635",85.799,53.476,2.383,9.479,20.903,33.42,48.035
"6,644,442,000","6,644,442,000","4,165,160,000","2,479,282,000","1,525,040,000","1,525,040,000","762,475,000","762,475,000","762,565,000","486,936,000",,"954,242,000","-447,825,000",,"447,825,000",,,,,"506,417,000","-35,739,000","542,156,000","542,156,000","542,156,000","542,156,000",,"542,156,000",1.23,1.19,"442,220,000","455,283,000","954,242,000","5,690,200,000","542,156,000","542,156,000",,"447,825,000","-447,825,000","954,242,000",,"4,165,160,000","3,014,568,000","542,156,000",,,"3,968,810,000",0.27,0,525.530029296875,545.5,523.1500244140625,540.72998046875,540.72998046875,5392300.0,NFLX,"239,486,754,480","247,141,496,480",87.355,60.976,2.289,10.289,23.176,37.195,62.271
"6,435,637,000","6,435,637,000","3,867,751,000","2,567,886,000","1,253,023,000","1,253,023,000","725,426,000","725,426,000","527,597,000","453,802,000",,"1,314,863,000","-453,403,000",,"453,403,000",,,,,"861,460,000","71,484,000","789,976,000","789,976,000","789,976,000","789,976,000",,"789,976,000",1.79,1.74,"441,526,000","455,088,000","1,314,863,000","5,120,774,000","789,976,000","789,976,000",,"453,403,000","-453,403,000","1,314,863,000",,"3,867,751,000","2,762,332,000","789,976,000",,,"4,077,195,000",0.08,0,492.57000732421875,504.6300048828125,489.2699890136719,500.0299987792969,500.0299987792969,4634100.0,NFLX,"220,910,757,850","229,551,668,850",84.465,57.471,2.178,9.996,23.665,35.669,56.301
"6,148,286,000","6,148,286,000","3,643,707,000","2,504,579,000","1,146,651,000","1,146,651,000","712,281,000","712,281,000","434,370,000","435,045,000",,"1,357,928,000","-322,326,000","-133,175,000","322,326,000",,,,,"1,035,602,000","315,406,000","720,196,000","720,196,000","720,196,000","720,196,000",,"720,196,000",1.63,1.59,"440,569,000","453,945,000","1,357,928,000","4,790,358,000","720,196,000","720,196,000","-133,175,000","322,326,000","-322,326,000","1,357,928,000",,"3,643,707,000","2,633,820,000","720,196,000",,,"3,991,748,000",0.3,0,450.0199890136719,457.5899963378906,447.0,455.0400085449219,455.0400085449219,4198500.0,NFLX,"200,679,667,182","210,197,284,182",92.113,71.942,3.022,9.608,23.864,34.188,52.658
"5,767,691,000","5,767,691,000","3,599,701,000","2,167,990,000","1,209,734,000","1,209,734,000","705,904,000","705,904,000","503,830,000","453,817,000",,"958,256,000","-162,386,000","21,697,000","184,083,000",,,,,"795,870,000","86,803,000","709,067,000","709,067,000","709,067,000","709,067,000",,"709,067,000",1.61,1.57,"439,352,000","452,494,000","958,256,000","4,809,435,000","709,067,000","709,067,000","21,697,000","184,083,000","-162,386,000","979,953,000",,"3,599,701,000","2,511,902,000","709,067,000",,,"3,491,855,000",0.11,0,367.92999267578125,383.010009765625,366.44000244140625,375.5,375.5,9366500.0,NFLX,"165,137,622,059","174,878,445,059",90.92,62.5,2.754,8.416,21.78,30.32,50.082
"5,467,434,000","5,467,434,000","3,466,023,000","2,001,411,000","1,542,899,000","1,542,899,000","663,962,000","663,962,000","878,937,000","409,376,000",,"458,512,000","-309,179,000","-131,378,000","177,801,000",,,,,"149,333,000","-437,637,000","586,970,000","586,970,000","586,970,000","586,970,000",,"586,970,000",1.34,1.3,"438,547,000","451,367,000","458,512,000","5,008,922,000","586,970,000","586,970,000","-131,378,000","177,801,000","-309,179,000","327,134,000",,"3,466,023,000","2,584,668,000","586,970,000",,,"2,911,802,000",0.27,0,322.0,324.9200134277344,321.0899963378906,323.57000732421875,323.57000732421875,3713300.0,NFLX,"141,984,667,416","149,975,395,416",103.708,61.728,2.234,7.743,20.693,27.431,51.506
"5,244,905,000","5,244,905,000","3,097,919,000","2,146,986,000","1,166,747,000","1,166,747,000","612,950,000","612,950,000","553,797,000","379,776,000",,"980,239,000","32,084,000","192,744,000","160,660,000",,,,,"1,012,323,000","347,079,000","665,244,000","665,244,000","665,244,000","665,244,000",,"665,244,000",1.52,1.47,"438,090,000","451,552,000","980,239,000","4,264,666,000","665,244,000","665,244,000","192,744,000","160,660,000","32,084,000","1,172,983,000",,"3,097,919,000","2,313,335,000","665,244,000",,,"3,486,318,000",0.34,0,264.0,268.8800048828125,262.7799987792969,267.6199951171875,267.6199951171875,6727200.0,NFLX,"117,284,809,962","124,874,697,962",105.362,48.781,1.761,6.858,19.21,23.809,35.819
"4,923,116,000","4,923,116,000","3,005,657,000","1,917,459,000","1,211,040,000","1,211,040,000","607,890,000","607,890,000","603,150,000","383,233,000",,"706,419,000","-205,503,000","-53,470,000","205,503,000",,,,,"500,916,000","230,266,000","270,650,000","270,650,000","270,650,000","270,650,000",,"270,650,000",0.62,0.6,"437,587,000","452,195,000","706,419,000","4,216,697,000","270,650,000","270,650,000","-53,470,000","205,503,000","-205,503,000","706,419,000",,"3,005,657,000","2,265,067,000","270,650,000",,,"2,971,486,000",0.27,0,,,,,,,,"160,599,633,135","167,556,099,135",131.186,107.527,3.869,9.985,28.2,34.035,56.388
"4,520,992,000","4,520,992,000","2,870,614,000","1,650,378,000","1,191,294,000","1,191,294,000","574,716,000","574,716,000","616,578,000","372,764,000",,"459,084,000","-59,425,000","76,104,000","135,529,000",,,,,"399,659,000","55,607,000","344,052,000","344,052,000","344,052,000","344,052,000",,"344,052,000",0.79,0.76,"436,947,000","451,922,000","459,084,000","4,061,908,000","344,052,000","344,052,000","76,104,000","135,529,000","-59,425,000","535,188,000",,"2,870,614,000","2,156,756,000","344,052,000",,,"2,691,944,000",0.14,0,,,,,,,,"155,673,595,746","162,239,170,746",133.045,86.207,3.05,10.187,29.756,35.886,60.268
"4,186,841,000","4,186,841,000","3,069,250,000","1,117,591,000","901,824,000","901,824,000","-26,374,000","-26,374,000","928,198,000","276,845,000",,"215,767,000","-96,371,000","32,436,000","128,807,000",,,,,"119,396,000","-14,538,000","133,934,000","133,934,000","133,934,000","133,934,000",,"133,934,000",0.31,0.3,"436,385,000","451,116,000","215,767,000","3,971,074,000","133,934,000","133,934,000","32,436,000","128,807,000","-96,371,000","248,203,000",,"3,069,250,000","2,085,844,000","133,934,000",,,"2,334,047,000",0.27,0,260.1600036621094,270.1000061035156,260.0,267.6600036621094,267.6600036621094,13508900.0,NFLX,"116,859,980,473","122,129,032,473",95.593,64.516,1.525,8.096,23.327,29.17,52.325
"3,999,374,000","3,999,374,000","2,412,346,000","1,587,028,000","1,106,360,000","1,106,360,000","671,091,000","671,091,000","435,269,000","327,026,000",,"480,668,000","-101,858,000","7,004,000","108,862,000",,,,,"378,810,000","-24,025,000","402,835,000","402,835,000","402,835,000","402,835,000",,"402,835,000",0.92,0.89,"435,809,000","451,919,000","480,668,000","3,518,706,000","402,835,000","402,835,000","7,004,000","108,862,000","-101,858,000","487,672,000",,"2,412,346,000","1,942,887,000","402,835,000",,,"2,430,559,000",0.06,0,,,,,,,,"162,917,716,345","167,353,426,345",170.059,85.47,2.034,12.113,36.284,41.845,68.854
"3,907,270,000","3,907,270,000","2,289,867,000","1,617,403,000","1,155,190,000","1,155,190,000","628,410,000","628,410,000","526,780,000","317,213,000",,"462,213,000","-33,577,000","68,028,000","101,605,000",,,,,"428,636,000","44,287,000","384,349,000","384,349,000","384,349,000","384,349,000",,"384,349,000",0.88,0.85,"435,097,000","451,552,000","462,213,000","3,445,057,000","384,349,000","384,349,000","68,028,000","101,605,000","-33,577,000","530,241,000",,"2,289,867,000","1,848,707,000","384,349,000",,,"2,378,948,000",0.1,0,,,,,,,,"170,151,708,369","174,100,415,369",262.705,135.135,3.773,13.748,42.393,44.558,73.184
"3,700,856,000","3,700,856,000","2,196,075,000","1,504,781,000","1,058,203,000","1,058,203,000","578,981,000","578,981,000","479,222,000","300,730,000",,"446,578,000","-146,962,000","-65,743,000","146,962,000",,,,,"299,616,000","9,492,000","290,124,000","290,124,000","290,124,000","290,124,000",,"290,124,000",0.67,0.64,"434,174,000","450,359,000","446,578,000","3,254,278,000","290,124,000","290,124,000","-65,743,000","146,962,000","-146,962,000","446,578,000",,"2,196,075,000","1,779,019,000","290,124,000",,,"2,225,597,000",0.03,0,,,,,,,,"128,166,677,956","131,843,314,956",236.28,109.89,3.193,11.286,35.84,35.625,59.24
"3,285,755,000","3,285,755,000","2,107,354,000","1,178,401,000","933,098,000","933,098,000","513,159,000","513,159,000","419,939,000","273,351,000",,"245,303,000","-113,973,000","-38,681,000","113,973,000",,,,,"131,330,000","-54,187,000","185,517,000","185,517,000","185,517,000","185,517,000",,"185,517,000",0.43,0.41,"433,108,000","448,142,000","245,303,000","3,040,452,000","185,517,000","185,517,000","-38,681,000","113,973,000","-113,973,000","245,303,000",,"2,107,354,000","1,745,225,000","185,517,000",,,"1,990,528,000",0.4,0,,,,,,,,"83,067,067,714","86,209,381,714",191.96,87.719,1.496,7.844,25.003,26.237,43.31
"2,984,859,000","2,984,859,000","1,992,980,000","991,879,000","783,252,000","783,252,000","470,762,000","470,762,000","312,490,000","255,236,000",,"208,627,000","-92,390,000","-31,702,000","92,390,000",,,,,"116,237,000","-13,353,000","129,590,000","129,590,000","129,590,000","129,590,000",,"129,590,000",0.3,0.29,"432,404,000","447,362,000","208,627,000","2,776,232,000","129,590,000","129,590,000","-31,702,000","92,390,000","-92,390,000","208,627,000",,"1,992,980,000","1,659,974,000","129,590,000",,,"1,868,601,000",0.11,0,,,,,,,,"78,297,816,074","80,969,416,074",221.159,104.167,2.19,7.876,25.213,27.127,43.332
"2,785,464,000","2,785,464,000","1,902,308,000","883,156,000","755,349,000","755,349,000","481,026,000","481,026,000","274,323,000","267,083,000",,"127,807,000","-113,845,000","-58,363,000","113,845,000",,,,,"13,962,000","-51,638,000","65,600,000","65,600,000","65,600,000","65,600,000",,"65,600,000",0.15,0.15,"431,396,000","446,262,000","127,807,000","2,657,657,000","65,600,000","65,600,000","-58,363,000","113,845,000","-113,845,000","127,807,000",,"1,902,308,000","1,585,856,000","65,600,000",,,"1,713,663,000",0.4,0,149.75999450683594,150.7100067138672,148.4199981689453,149.41000366210938,149.41000366210938,5213300.0,NFLX,"64,507,729,251","66,531,931,251",194.039,142.857,2.911,6.921,21.693,23.885,38.824
"2,636,635,000","2,636,635,000","1,657,024,000","979,611,000","722,669,000","722,669,000","451,399,000","451,399,000","271,270,000","257,108,000",,"256,942,000","-33,150,000","13,592,000","46,742,000",,,,,"223,792,000","45,570,000","178,222,000","178,222,000","178,222,000","178,222,000",,"178,222,000",0.41,0.4,"430,600,000","445,458,000","256,942,000","2,379,693,000","178,222,000","178,222,000","13,592,000","46,742,000","-33,150,000","270,534,000",,"1,657,024,000","1,339,330,000","178,222,000",,,"1,609,864,000",0.2,0,148.0,148.22999572753906,147.3300018310547,147.80999755859375,147.80999755859375,3888200.0,NFLX,"63,705,138,740","65,335,667,740",343.744,140.845,2.509,7.342,23.772,24.78,40.585
"2,477,541,000","2,477,541,000","1,654,419,000","823,122,000","669,188,000","669,188,000","384,192,000","384,192,000","284,996,000","225,191,000",,"153,934,000","-63,665,000","-20,079,000","43,586,000",,,,,"90,269,000","23,521,000","66,748,000","66,748,000","66,748,000","66,748,000",,"66,748,000",0.16,0.15,"429,738,000","440,063,000","153,934,000","2,323,607,000","66,748,000","66,748,000","-20,079,000","43,586,000","-63,665,000","133,855,000",,"1,654,419,000","1,363,903,000","66,748,000",,,"1,497,758,000",0.261,0,,,,,,,,"53,128,153,847","54,158,863,847",334.595,153.846,2.547,6.635,21.052,21.86,36.16
"2,290,188,000","2,290,188,000","1,532,844,000","757,344,000","651,308,000","651,308,000","369,265,000","369,265,000","282,043,000","216,099,000",,"106,036,000","-26,909,000","8,627,000","35,536,000",,,,,"79,127,000","27,610,000","51,517,000","51,517,000","51,517,000","51,517,000",,"51,517,000",0.12,0.12,"428,937,000","438,389,000","106,036,000","2,184,152,000","51,517,000","51,517,000","8,627,000","35,536,000","-26,909,000","114,663,000",,"1,532,844,000","1,257,802,000","51,517,000",,,"1,372,465,000",0.35,0,96.9000015258789,99.52999877929688,96.79000091552734,98.55000305175781,98.55000305175781,9807900.0,NFLX,"42,292,242,016","42,831,099,016",307.969,125,2.088,5.661,17.506,18.702,31.207
"2,105,204,000","2,105,204,000","1,473,098,000","632,106,000","561,736,000","561,736,000","345,707,000","345,707,000","216,029,000","207,300,000",,"70,370,000","-19,138,000","16,317,000","35,455,000",,,,,"51,232,000","10,477,000","40,755,000","40,755,000","40,755,000","40,755,000",,"40,755,000",0.1,0.09,"428,483,000","438,154,000","70,370,000","2,034,834,000","40,755,000","40,755,000","16,317,000","35,455,000","-19,138,000","86,687,000",,"1,473,098,000","1,209,513,000","40,755,000",,,"1,296,200,000",0.2,0,90.91000366210938,91.72000122070312,89.9000015258789,91.4800033569336,91.4800033569336,9099000.0,NFLX,"39,219,798,494","39,519,545,494",315.448,344.828,5.334,5.587,16.925,18.772,30.489
"1,957,736,000","1,957,736,000","1,369,540,000","588,196,000","538,743,000","538,743,000","330,733,000","330,733,000","208,010,000","203,508,000",,"49,453,000","-9,574,000","25,963,000","35,537,000",,,,,"39,879,000","12,221,000","27,658,000","27,658,000","27,658,000","27,658,000",,"27,658,000",0.06,0.06,"428,117,000","437,993,000","49,453,000","1,908,283,000","27,658,000","27,658,000","25,963,000","35,537,000","-9,574,000","75,416,000",,"1,369,540,000","1,093,760,000","27,658,000",,,"1,169,176,000",0.31,0,102.43000030517578,103.52999877929688,101.05000305175781,102.2300033569336,102.2300033569336,9747500.0,NFLX,"43,784,006,551","43,844,653,551",365.107,120.482,1.938,6.581,19.692,22.396,37.5
"1,823,333,000","1,823,333,000","1,249,365,000","573,968,000","514,074,000","514,074,000","289,901,000","289,901,000","224,173,000","180,859,000",,"59,894,000","-39,163,000","-3,734,000","39,163,000",,,,,"20,731,000","-22,447,000","43,178,000","43,178,000","43,178,000","43,178,000",,"43,178,000",0.1,0.1,"427,668,000","438,257,000","59,894,000","1,763,439,000","43,178,000","43,178,000","-3,734,000","39,163,000","-39,163,000","59,894,000",,"1,249,365,000","996,142,000","43,178,000",,,"1,056,036,000",0.4,0,116.20999908447266,117.45999908447266,114.27999877929688,114.37999725341797,114.37999725341797,9273000.0,NFLX,"48,947,827,527","48,738,185,527",303.28,434.783,15.939,7.725,22.585,26.73,46.152
"1,738,355,000","1,738,355,000","1,173,958,000","564,397,000","490,756,000","490,756,000","282,654,000","282,654,000","208,102,000","171,762,000",,"73,641,000","-31,403,000","3,930,000","35,333,000",,,,,"42,238,000","12,806,000","29,432,000","29,432,000","29,432,000","29,432,000",,"29,432,000",0.07,0.07,"426,869,000","437,606,000","73,641,000","1,664,714,000","29,432,000","29,432,000","3,930,000","35,333,000","-31,403,000","77,571,000",,"1,173,958,000","906,039,000","29,432,000",,,"983,610,000",0.3,0,99.91000366210938,103.45999908447266,99.05000305175781,103.26000213623047,103.26000213623047,17027600.0,NFLX,"44,132,114,618","43,735,356,618",230.933,434.783,14.81,7.329,21.718,25.159,44.464
"1,644,694,000","1,644,694,000","1,121,752,000","522,942,000","448,107,000","448,107,000","250,967,000","250,967,000","197,140,000","155,061,000",,"74,835,000","-34,345,000","872,000","35,217,000",,,,,"40,490,000","14,155,000","26,335,000","26,335,000","26,335,000","26,335,000",,"26,335,000",0.06,0.06,"425,339,999","436,096,999","74,835,000","1,569,859,000","26,335,000","26,335,000","872,000","35,217,000","-34,345,000","75,707,000",,"1,121,752,000","858,994,000","26,335,000",,,"934,701,000",0.35,0,93.35713958740234,94.355712890625,92.78571319580078,93.84857177734375,93.84857177734375,16880500.0,NFLX,"39,979,944,811","39,422,236,811",171.078,166.667,5.807,6.991,20.941,23.969,42.176
"1,573,129,000","1,573,129,000","1,046,401,000","526,728,000","429,272,000","429,272,000","234,595,000","234,595,000","194,677,000","143,106,000",,"97,456,000","-59,030,000","-32,293,000","59,030,000",,,,,"38,426,000","14,730,000","23,696,000","23,696,000","23,696,000","23,696,000",,"23,696,000",0.056,0.054,"423,626,000","433,811,000","97,456,000","1,475,673,000","23,696,000","23,696,000","-32,293,000","59,030,000","-59,030,000","97,456,000",,"1,046,401,000","785,870,000","23,696,000",,,"883,326,000",0.38,0,60.11000061035156,60.41999816894531,59.45571517944336,59.52714157104492,59.52714157104492,14248500.0,NFLX,"25,260,048,233","24,551,552,233",96.456,67.568,2.339,4.67,13.597,15.607,27.794
"1,484,728,000","1,484,728,000","1,014,332,000","470,396,000","405,350,000","405,350,000","201,679,000","201,679,000","203,671,000","125,876,000",,"65,046,000","-19,530,000","-6,177,000","16,413,000",,0,,,"45,516,000","-37,855,000","83,371,000","83,371,000","83,371,000","83,371,000",0,"83,371,000",0.197,0.193,"422,247,000","432,516,000","65,046,000","1,419,682,000","83,371,000","83,371,000","-6,177,000","16,413,000","-19,530,000","61,929,000",,"1,014,332,000","764,843,000","83,371,000",0,0,"826,772,000",0.35,0,49.03285598754883,49.39142990112305,48.78714370727539,48.801429748535156,48.801429748535156,8627500.0,NFLX,"20,638,655,444","19,871,836,444",90.854,64.935,1.401,4.049,11.965,13.384,24.035
"1,409,432,000","1,409,432,000","954,394,000","455,038,000","344,631,000","344,631,000","198,977,000","198,977,000","145,654,000","120,953,000",,"110,407,000","-12,870,000","616,000","13,486,000",,0,,,"97,537,000","38,242,000","59,295,000","59,295,000","59,295,000","59,295,000",0,"59,295,000",0.141,0.137,"421,197,000","432,740,000","110,407,000","1,299,025,000","59,295,000","59,295,000","616,000","13,486,000","-12,870,000","111,023,000",,"954,394,000","718,780,000","59,295,000",0,0,"829,803,000",0.39,0,64.61428833007812,65.31285858154297,64.25714111328125,64.45428466796875,64.45428466796875,12472600.0,NFLX,"27,181,961,277","26,367,596,277",135.084,65.36,1.263,5.661,16.886,18.708,31.776
"1,340,407,000","1,340,407,000","914,848,000","425,559,000","295,959,000","295,959,000","175,196,000","175,196,000","120,763,000","115,182,000",,"129,600,000","-12,228,000","1,100,000","13,328,000",,0,,,"117,372,000","46,354,000","71,018,000","71,018,000","71,018,000","71,018,000",0,"71,018,000",0.169,0.164,"419,972,000","431,438,000","129,600,000","1,210,807,000","71,018,000","71,018,000","1,100,000","13,328,000","-12,228,000","130,700,000",,"914,848,000","668,937,000","71,018,000",0,0,"799,637,000",0.39,0,63.26571273803711,63.83856964111328,62.81285858154297,62.94285583496094,62.94285583496094,10588900.0,NFLX,"26,476,101,208","25,707,858,208",165.639,72.464,1.403,5.827,17.909,19.179,32.149
"1,270,089,000","1,270,089,000","869,186,000","400,903,000","303,308,000","303,308,000","166,210,000","166,210,000","137,098,000","110,310,000",,"97,595,000","-8,651,000","1,401,000","10,052,000",,0,,,"88,944,000","35,829,000","53,115,000","53,115,000","53,115,000","53,115,000",0,"53,115,000",0.127,0.123,"418,719,000","430,836,000","97,595,000","1,172,494,000","53,115,000","53,115,000","1,401,000","10,052,000","-8,651,000","98,996,000",,"869,186,000","629,238,000","53,115,000",0,0,"728,234,000",0.4,0,51.644287109375,52.4085693359375,49.98285675048828,50.290000915527344,50.290000915527344,22125600.0,NFLX,"21,100,796,482","20,400,391,482",190.286,53.192,1.034,4.89,15.823,16.062,28.014
"1,175,230,000","1,175,230,000","811,849,000","363,381,000","281,093,000","281,093,000","144,248,000","144,248,000","136,845,000","98,128,000",,"82,288,000","-8,284,000","-846,000","8,284,000",0,0,0,,"74,004,000","25,583,000","48,421,000","48,421,000","48,421,000","48,421,000",0,"48,421,000",0.116,0.113,"416,290,000","429,128,000","82,288,000","1,092,942,000","48,421,000","48,421,000","-846,000","8,284,000","-8,284,000","82,288,000",,"811,849,000","603,275,000","48,421,000",0,0,"685,563,000",0.346,0,52.21428680419922,52.735713958740234,51.9471435546875,52.5957145690918,52.5957145690918,10516800.0,NFLX,"21,945,509,558","21,310,522,558",309.387,86.957,0.818,5.349,18.222,18.133,31.085
"1,105,999,000","1,105,999,000","791,019,000","314,980,000","257,860,000","257,860,000","141,751,000","141,751,000","116,109,000","95,540,000",,"57,120,000","-7,629,000","-193,000","7,629,000",,0,,,"49,491,000","17,669,000","31,822,000","31,822,000","31,822,000","31,822,000",0,"31,822,000",0.077,0.074,"413,756,000","426,930,000","57,120,000","1,048,879,000","31,822,000","31,822,000","-193,000","7,629,000","-7,629,000","57,120,000",,"791,019,000","582,392,000","31,822,000",0,0,"639,512,000",0.36,0,43.959999084472656,44.592857360839844,43.599998474121094,44.172855377197266,44.172855377197266,12528600.0,NFLX,"18,323,103,719","17,742,993,719",391.406,86.957,0.95,4.677,16.573,16.043,27.745
"1,069,372,000","1,069,372,000","753,525,000","315,847,000","258,730,000","258,730,000","136,970,000","136,970,000","121,760,000","93,126,000",,"57,117,000","-10,468,000","-2,940,000","10,468,000",,0,,,"46,649,000","17,178,000","29,471,000","29,471,000","29,471,000","29,471,000",0,"29,471,000",0.073,0.07,"407,344,000","424,130,000","57,117,000","1,012,255,000","29,471,000","29,471,000","-2,940,000","10,468,000","-10,468,000","57,117,000",,"753,525,000","539,985,000","29,471,000",0,0,"597,102,000",0.368,0,,,,,,,,"11,851,793,913","11,525,921,913",502.595,71.942,0.784,3.37,15.3,10.778,19.303
"1,023,961,000","1,023,961,000","726,863,000","297,098,000","265,276,000","265,276,000","136,101,000","136,101,000","129,175,000","91,975,000",,"31,822,000","-5,763,000","977,000","6,740,000","-25,129,000","-25,129,000","25,129,000",,"930,000","-1,759,000","2,689,000","2,689,000","2,689,000","2,689,000","49,000","2,738,000",0.007,0.007,"391,804,000","421,022,000","31,822,000","992,139,000","2,689,000","19,022,850","977,000","6,740,000","-5,763,000","7,670,000",,"726,863,000","516,028,000","2,689,000","-25,129,000","-25,129,000","548,827,000",0.35,"-8,795,150",,,,,,,,"10,598,445,326","10,250,367,326",652.683,46.729,,3.089,14.271,10.011,19.573
"945,239,000","945,239,000","695,867,000","249,372,000","229,734,000","476,603,000","359,231,000","359,231,000","117,372,000","82,139,000",,"19,638,000","-4,734,000","282,000","5,016,000",,,,,"14,904,000","7,007,000","7,897,000","7,897,000","7,897,000","7,897,000",,"8,092,000",0.02,0.019,"388,934,000","413,903,000","19,638,000","925,601,000","7,897,000","7,897,000","282,000","5,016,000","-4,734,000","19,920,000",,"695,867,000","492,415,000","7,897,000",,,"512,335,000",0.35,0,12.768570899963379,13.35714340209961,12.715714454650879,13.227143287658691,13.227143287658691,18078900.0,NFLX,"5,146,815,792","4,798,737,792",319.273,119.048,,1.511,6.912,5.077,9.366
"905,089,000","905,089,000","662,638,000","242,451,000","226,316,000","143,795,000","30,562,000","30,562,000","113,233,000","82,521,000",,"16,135,000","-4,189,000","801,000","4,990,000","801,000","801,000",,,"11,946,000","4,271,000","7,675,000","7,675,000","7,675,000","7,675,000",,"7,675,000",0.02,0.019,"388,787,000","411,103,000","16,135,000","888,954,000","7,675,000","7,675,000","801,000","4,990,000","-4,189,000","16,936,000",,"662,638,000","435,207,000","7,675,000","801,000","801,000","452,143,000",0.358,0,,,,,,,,"3,023,285,441","2,609,942,441",29.912,39.841,,0.894,4.394,2.884,5.772
"889,163,000","889,163,000","643,428,000","245,735,000","229,581,000","148,034,000","29,810,000","29,810,000","118,224,000","81,547,000",,"16,154,000","-5,006,000",0,"5,006,000","-493,000","-493,000",,"-493,000","10,655,000","4,491,000","6,164,000","6,164,000","6,164,000","6,164,000",,"6,164,000",0.016,0.016,"388,682,000","411,663,000","16,154,000","873,009,000","6,164,000","6,164,000",0,"5,006,000","-5,006,000","15,661,000",,"643,428,000","403,348,000","6,164,000","-493,000","-493,000","419,009,000",0.35,0,,,,,,,,"3,801,987,989","3,397,461,989",23.059,26.385,,1.116,5.733,3.821,8.108
"869,791,000","869,791,000","623,933,000","245,858,000","247,793,000","164,992,000","29,092,000","29,092,000","135,900,000","82,801,000",,"-1,935,000","-5,090,000",,"5,090,000","-116,000","-116,000",,,"-7,025,000","-2,441,000","-4,584,000","-4,584,000","-4,584,000","-4,584,000",,"-4,584,000",-0.011,-0.011,"388,192,000","388,192,000","-1,935,000","871,726,000","-4,584,000","-4,584,000",,"5,090,000","-5,090,000","-1,935,000",,"623,933,000","371,113,000","-4,584,000","-116,000","-116,000","369,178,000",0.347,0,,,,,,,,"6,375,359,425","5,979,867,425",27.005,52.356,2.297,1.952,9.851,6.875,16.198
"875,575,000","875,575,000","575,155,000","300,420,000","238,548,000","157,765,000","43,477,000","43,477,000","114,288,000","80,783,000",,"61,872,000","-5,037,000","-95,000","4,942,000","-95,000","-95,000",,,"56,835,000","21,616,000","35,219,000","35,219,000","35,219,000","35,219,000",,"35,236,000",0.109,0.104,"375,074,000","388,073,000","61,872,000","813,703,000","35,219,000","35,219,000","-95,000","4,942,000","-5,037,000","61,777,000",,"575,155,000","-480,013,000","35,219,000","-95,000","-95,000","61,777,000",0.38,0,,,,,,,,"3,638,008,465","3,506,895,465",15.748,125,5.783,1.281,9.884,4.005,56.767
"821,839,000","821,839,000","536,617,000","285,222,000","188,380,000","118,900,000","29,792,000","29,792,000","89,108,000","69,480,000",,"96,842,000","-3,219,000","1,696,000","4,915,000",,,,,"93,623,000","31,163,000","62,460,000","62,460,000","62,460,000","62,460,000",,"62,460,000",0.17,0.166,"367,983,000","377,090,000","96,842,000","724,997,000","62,460,000","62,460,000","1,696,000","4,915,000","-3,219,000","98,538,000",,"536,617,000","222,359,000","62,460,000",,,"320,897,000",0.333,0,15.602856636047363,16.53571319580078,15.375714302062988,16.181428909301758,16.181428909301758,76881700.0,NFLX,"5,947,138,387","5,816,025,387",25.743,17.212,0.521,2.093,15.314,7.077,18.124
"788,610,000","788,610,000","489,978,000","298,632,000","183,518,000","125,653,000","30,670,000","30,670,000","94,983,000","57,865,000",,"115,114,000","-4,290,000","1,013,000","5,303,000",,,,,"110,824,000","42,610,000","68,214,000","68,214,000","68,214,000","68,214,000",,"68,214,000",0.186,0.18,"367,290,000","377,363,000","115,114,000","673,496,000","68,214,000","68,214,000","1,013,000","5,303,000","-4,290,000","116,127,000",,"489,978,000","178,648,000","68,214,000",,,"294,775,000",0.384,0,37.81428527832031,37.85714340209961,37.25714111328125,37.52714157104492,37.52714157104492,17966900.0,NFLX,"13,800,746,461","13,659,524,461",66.673,40.161,1.204,5.347,41.315,17.321,46.339
"718,553,000","718,553,000","438,151,000","280,402,000","178,162,000","127,257,000","22,998,000","22,998,000","104,259,000","50,905,000",,"102,240,000","-4,000,000","865,000","4,865,000",,,,,"98,240,000","38,007,000","60,233,000","60,233,000","60,233,000","60,233,000",,"60,233,000",0.163,0.159,"369,313,000","379,722,000","102,240,000","616,313,000","60,233,000","60,233,000","865,000","4,865,000","-4,000,000","103,105,000",,"438,151,000","122,753,000","60,233,000",,,"225,858,000",0.387,0,33.89714431762695,34.24285888671875,33.577144622802734,33.968570709228516,33.968570709228516,24822700.0,NFLX,"12,488,005,627","12,380,989,627",68.328,36.9,1.237,5.395,45.292,17.23,54.818
"595,922,000","595,922,000","390,790,000","205,132,000","132,773,000","81,957,000","19,108,000","19,108,000","62,849,000","45,959,000",,"72,359,000","-3,894,000","938,000","4,832,000",,,,,"74,559,000","27,464,000","47,095,000","47,095,000","47,095,000","47,095,000",,"47,095,000",,,,,"78,453,000","523,563,000","47,095,000","47,095,000","938,000","4,832,000","-3,894,000","79,391,000",,"390,790,000","-195,328,000","47,095,000",,,"79,391,000",0.368,0,25.578571319580078,25.677143096923828,25.075714111328125,25.100000381469727,25.100000381469727,21562800.0,NFLX,"9,273,788,439","9,159,607,439",59.358,45.249,1.837,4.412,31.961,15.37,115.373
"553,219,000","553,219,000","344,469,000","208,750,000","139,249,000","97,141,000","15,903,000","15,903,000","81,238,000","42,108,000","-1,232,000","69,501,000","-4,092,000","853,000","4,945,000",,,,,"65,409,000","27,442,000","37,967,000","37,967,000","37,967,000","37,967,000",,"37,967,000",0.104,0.1,"364,994,000","377,517,000","69,501,000","483,718,000","37,967,000","37,967,000","853,000","4,945,000","-4,092,000","70,354,000",,"344,469,000","85,824,000","37,967,000",,,"156,178,000",0.35,0,24.549999237060547,24.91428565979004,23.125713348388672,23.165714263916016,23.165714263916016,72002700.0,NFLX,"8,474,075,389","8,453,948,389",61.424,,,4.402,44.142,15.281,54.13
"519,819,000","519,819,000","314,934,000","204,885,000","127,543,000","91,652,000","17,119,000","17,119,000","74,533,000","37,863,000","-1,972,000","77,342,000","-3,972,000","921,000","4,893,000",,,,,"73,370,000","29,851,000","43,519,000","43,519,000","43,519,000","43,519,000",,"43,519,000",0.119,0.114,"367,402,000","380,268,000","77,342,000","442,477,000","43,519,000","43,519,000","921,000","4,893,000","-3,972,000","78,263,000",,"314,934,000","74,452,000","43,519,000",,,"152,715,000",0.35,0,15.712857246398926,16.18428611755371,15.427143096923828,15.521429061889648,15.521429061889648,26104400.0,NFLX,"5,688,715,279","5,646,786,279",44.167,,,3.211,32.205,10.863,36.976
"493,665,000","493,665,000","307,162,000","186,503,000","129,811,000","92,412,000","17,193,000","17,193,000","75,219,000","37,399,000","-1,653,000","56,692,000","-3,987,000","972,000","4,959,000","1,653,000","1,653,000",,,"54,358,000","22,086,000","32,272,000","32,272,000","32,272,000","32,272,000",,"32,272,000",0.087,0.084,"370,377,000","383,425,000","58,345,000","436,973,000","32,272,000","31,197,550","972,000","4,959,000","-3,987,000","59,317,000",,"307,162,000","73,151,000","32,272,000","1,653,000","1,653,000","130,815,000",0.35,"578,550",10.614286422729492,10.722857475280762,10.531429290771484,10.534285545349121,10.534285545349121,5714800.0,NFLX,"3,853,789,187","3,825,080,187",33.518,,,2.372,26.264,7.748,28.876
