	OperatingRevenue,CostOfRevenue,GrossProfit,OperatingExpense,	SellingGeneralAndAdministration,	DepreciationAmortizationDepletionIncomeStatement,		DepreciationAndAmortizationInIncomeStatement,			Amortization,				AmortizationOfIntangiblesIncomeStatement,OperatingIncome,NetNonOperatingInterestIncomeExpense,	InterestIncomeNonOperating,	InterestExpenseNonOperating,OtherIncomeExpense,	EarningsFromEquityInterest,	SpecialIncomeCharges,		RestructuringAndMergernAcquisition,		WriteOff,		OtherSpecialCharges,	OtherNonOperatingIncomeExpenses,PretaxIncome,TaxProvision,NetIncomeCommonStockholders,	NetIncome,		NetIncomeIncludingNoncontrollingInterests,			NetIncomeContinuousOperations,			NetIncomeDiscontinuousOperations,			NetIncomeExtraordinary,		MinorityInterests,	PreferredStockDividends,	OtherunderPreferredStockDividend,AverageDilutionEarnings,DilutedNIAvailtoComStockholders,BasicEPS,DilutedEPS,BasicAverageShares,DilutedAverageShares,TotalOperatingIncomeAsReported,TotalExpenses,NetIncomeFromContinuingAndDiscontinuedOperation,NormalizedIncome,InterestIncome,InterestExpense,NetInterestIncome,EBIT,EBITDA,ReconciledCostOfRevenue,ReconciledDepreciation,NetIncomeFromContinuingOperationNetMinorityInterest,TotalUnusualItemsExcludingGoodwill,TotalUnusualItems,NormalizedEBITDA,TaxRateForCalcs,TaxEffectOfUnusualItems,open,high,low,close,adjclose,volume,ticker,MarketCap,EnterpriseValue,PeRatio,ForwardPeRatio,PegRatio,PsRatio,PbRatio,EnterprisesValueRevenueRatio,EnterprisesValueEBITDARatio, sugar_price
"14,820,000,000","6,671,000,000","8,149,000,000","5,837,000,000","5,837,000,000",,,,,"2,312,000,000","-258,000,000",,"258,000,000","120,000,000",,,,,,"120,000,000","2,174,000,000","451,000,000","1,714,000,000","1,714,000,000","1,723,000,000","1,723,000,000",,,"-9,000,000",,,,"1,714,000,000",1.24,1.24,"1,380,000,000","1,387,000,000","2,312,000,000","12,508,000,000","1,714,000,000","1,714,000,000",,"258,000,000","-258,000,000","2,432,000,000",,"6,671,000,000","560,000,000","1,714,000,000",,,"2,992,000,000",0.207,0,143.32000732421875,143.3300018310547,141.1699981689453,141.4499969482422,140.42408752441406,6257900.0,PEP,"195,483,900,000","230,542,900,000",27.627,23.31,3.214,2.798,14.53,15.556,77.053,0.1477
"22,455,000,000","10,426,000,000","12,029,000,000","9,203,000,000","9,203,000,000",,,,,"2,826,000,000","-339,000,000",,"339,000,000","-130,000,000",,,,,,"-130,000,000","2,357,000,000","498,000,000","1,845,000,000","1,845,000,000","1,859,000,000","1,859,000,000",,,"-14,000,000",,,,"1,845,000,000",1.337,1.33,"1,380,000,000","1,388,000,000","2,826,000,000","19,629,000,000","1,845,000,000","1,845,000,000",,"339,000,000","-339,000,000","2,696,000,000",,"10,426,000,000","817,000,000","1,845,000,000",,,"3,513,000,000",0.21100000000000002,0,147.47999572753906,148.4600067138672,146.63999938964844,148.3000030517578,146.05816650390625,2076800.0,PEP,"204,654,000,000","239,520,000,000",29.366,24.213,3.9539999999999997,3.0180000000000002,15.179,10.667,68.181,0.1549
"18,091,000,000","8,156,000,000","9,935,000,000","6,924,000,000","6,924,000,000",,,,,"3,011,000,000","-264,000,000",,"264,000,000","86,000,000",,,,,,"86,000,000","2,833,000,000","526,000,000","2,291,000,000","2,291,000,000","2,307,000,000","2,307,000,000",,,"-16,000,000",,,,"2,291,000,000",1.6580000000000001,1.65,"1,383,000,000","1,390,000,000","3,011,000,000","15,080,000,000","2,291,000,000","2,291,000,000",,"264,000,000","-264,000,000","3,097,000,000",,"8,156,000,000","609,000,000","2,291,000,000",,,"3,706,000,000",0.18600000000000003,0,137.99000549316406,139.19000244140622,136.89999389648438,138.60000610351562,135.53921508789062,7060700.0,PEP,"191,539,168,821","227,394,168,821",28.285999999999998,22.624000000000002,3.5210000000000004,2.866,15.334000000000001,12.569,61.358000000000004,0.1342
"15,945,000,000","7,088,000,000","8,857,000,000","6,538,000,000","6,538,000,000",,,,,"2,319,000,000","-235,000,000",,"235,000,000","84,000,000",,,,,,"84,000,000","2,168,000,000","510,000,000","1,646,000,000","1,646,000,000","1,658,000,000","1,658,000,000",,,"-12,000,000",,,0,"1,646,000,000",1.19,1.18,"1,387,000,000","1,393,000,000","2,319,000,000","13,626,000,000","1,646,000,000","1,646,000,000",,"235,000,000","-235,000,000","2,403,000,000",,"7,088,000,000","589,000,000","1,646,000,000",,,"2,992,000,000",0.235,0,131.83000183105472,132.82000732421878,130.85000610351562,132.25999450683594,128.41580200195312,4626700.0,PEP,"183,180,100,000","213,176,100,000",25.631999999999998,23.31,3.58,2.722,13.604000000000001,13.369000000000002,71.249,0.1194
"13,881,000,000","6,127,000,000","7,754,000,000","5,830,000,000","5,830,000,000",,,,,"1,924,000,000","-290,000,000",,"290,000,000","77,000,000",,,,,,"77,000,000","1,711,000,000","360,000,000","1,338,000,000","1,338,000,000","1,351,000,000","1,351,000,000",,,"-13,000,000",,,0,"1,338,000,000",0.96,0.96,"1,390,000,000","1,396,000,000","1,924,000,000","11,957,000,000","1,338,000,000","1,338,000,000",,"290,000,000","-290,000,000","2,001,000,000",,"6,127,000,000","533,000,000","1,338,000,000",,,"2,534,000,000",0.21,0,124.94000244140624,125.6999969482422,119.52999877929688,120.0999984741211,115.71109771728516,7091700.0,PEP,"166,818,900,000","193,590,900,000",23.096,20.367,2.826,2.516,11.282,13.946,76.39699999999999,0.1042
"20,640,000,000","9,346,000,000","11,294,000,000","8,595,000,000","8,595,000,000",,,,,"2,699,000,000","-284,000,000","61,000,000","345,000,000","-207,000,000",,,,,,"-207,000,000","2,208,000,000","430,000,000","1,766,000,000","1,766,000,000","1,778,000,000","1,778,000,000",,,"-12,000,000",,0,0,"1,766,000,000",1.27,1.26,"1,391,000,000","1,401,000,000","2,699,000,000","17,941,000,000","1,766,000,000","1,766,000,000","61,000,000","345,000,000","-284,000,000","2,553,000,000",,"9,346,000,000","798,000,000","1,766,000,000",,,"3,351,000,000",0.195,0,136.69000244140622,137.25999450683594,136.02999877929688,136.66999816894528,130.79243469238278,3229400.0,PEP,"190,107,970,000","216,880,970,000",15.619000000000002,22.779,3.4530000000000003,2.9210000000000003,13.455,10.508,64.721,0.1342
"17,188,000,000","7,694,000,000","9,494,000,000","6,639,000,000","6,639,000,000",,,,,"2,855,000,000","-224,000,000","38,000,000","262,000,000","38,000,000",,,,,,"38,000,000","2,669,000,000","559,000,000","2,100,000,000","2,100,000,000","2,110,000,000","2,110,000,000",,,"-10,000,000",,,,"2,100,000,000",1.5,1.49,"1,397,000,000","1,405,000,000","2,855,000,000","14,333,000,000","2,100,000,000","2,100,000,000","38,000,000","262,000,000","-224,000,000","2,931,000,000",,"7,694,000,000","578,000,000","2,100,000,000",,,"3,509,000,000",0.209,0,136.07000732421878,137.72999572753906,135.8699951171875,137.10000610351562,130.29135131835938,3705200.0,PEP,"191,177,084,839","218,778,084,839",15.216,23.041999999999998,3.725,2.972,13.702,12.729000000000001,62.348,0.125
"16,449,000,000","7,404,000,000","9,045,000,000","6,316,000,000","6,316,000,000",,,,,"2,729,000,000","-223,000,000","38,000,000","261,000,000","61,000,000",,,,,,"61,000,000","2,567,000,000","524,000,000","2,035,000,000","2,035,000,000","2,043,000,000","2,043,000,000",,,"-8,000,000",,,0,"2,035,000,000",1.455,1.44,"1,399,000,000","1,409,000,000","2,729,000,000","13,720,000,000","2,035,000,000","2,035,000,000","38,000,000","261,000,000","-223,000,000","2,828,000,000",,"7,404,000,000","558,000,000","2,035,000,000",,,"3,386,000,000",0.204,0,,,,,,,,"183,450,870,000","209,838,870,000",14.834000000000001,23.753,3.844,2.867,12.917,12.757,61.972,
"12,884,000,000","5,688,000,000","7,196,000,000","5,188,000,000","5,188,000,000",,,,,"2,008,000,000","-204,000,000","63,000,000","267,000,000","64,000,000",,,,,,"64,000,000","1,868,000,000","446,000,000","1,413,000,000","1,413,000,000","1,422,000,000","1,422,000,000",,,"-9,000,000",,0,0,"1,413,000,000",1.01,1.0,"1,406,000,000","1,413,000,000","2,008,000,000","10,876,000,000","1,413,000,000","1,413,000,000","63,000,000","267,000,000","-204,000,000","2,135,000,000",,"5,688,000,000","498,000,000","1,413,000,000",,,"2,633,000,000",0.239,0,,,,,,,,"172,060,200,000","195,388,200,000",13.958,22.173000000000002,3.293,2.701,11.852,15.165,74.207,
"19,524,000,000","8,936,000,000","10,588,000,000","8,157,000,000","8,157,000,000",,,,,"2,431,000,000","-563,000,000","58,000,000","621,000,000","67,000,000",,,,,,"67,000,000","1,935,000,000","-4,932,000,000","6,854,000,000","6,854,000,000","6,867,000,000","6,867,000,000",,,"-13,000,000",,0,0,"6,854,000,000",4.864,4.83,"1,409,000,000","1,420,000,000","2,431,000,000","17,093,000,000","6,854,000,000","6,854,000,000","58,000,000","621,000,000","-563,000,000","2,556,000,000",,"8,936,000,000","763,000,000","6,854,000,000",,,"3,319,000,000",0.27,0,110.58000183105469,111.08999633789062,109.31999969482422,110.4800033569336,102.68222045898438,5019100.0,PEP,"155,666,320,000","176,885,320,000",31.747,18.45,2.549,2.44,15.134,9.06,53.295,0.1203
"16,485,000,000","7,527,000,000","8,958,000,000","6,114,000,000","6,114,000,000",,,,,"2,844,000,000","-221,000,000","81,000,000","302,000,000","74,000,000",,,,,,"74,000,000","2,697,000,000","188,000,000","2,498,000,000","2,498,000,000","2,509,000,000","2,509,000,000",,,"-11,000,000",,0,0,"2,498,000,000",1.77,1.75,"1,414,000,000","1,424,000,000","2,844,000,000","13,641,000,000","2,498,000,000","2,498,000,000","81,000,000","302,000,000","-221,000,000","2,999,000,000",,"7,527,000,000","566,000,000","2,498,000,000",,,"3,565,000,000",0.07,0,,,,,,,,"157,813,302,400","180,277,302,400",34.829,18.416,2.484,2.484,15.607999999999999,10.936,50.568999999999996,
"16,090,000,000","7,263,000,000","8,827,000,000","5,799,000,000","5,799,000,000",,,,,"3,028,000,000","-210,000,000","98,000,000","308,000,000","82,000,000",,,,,,"82,000,000","2,900,000,000","1,070,000,000","1,820,000,000","1,820,000,000","1,830,000,000","1,830,000,000",,,"-10,000,000",,0,0,"1,820,000,000",1.28,1.28,"1,417,000,000","1,426,000,000","3,028,000,000","13,062,000,000","1,820,000,000","1,820,000,000","98,000,000","308,000,000","-210,000,000","3,208,000,000",,"7,263,000,000","574,000,000","1,820,000,000",,,"3,782,000,000",0.369,0,,,,,,,,"154,051,050,000","176,972,050,000",31.927,19.084,2.6039999999999996,2.44,14.155,10.999,46.793,
"12,562,000,000","5,655,000,000","6,907,000,000","5,100,000,000","5,100,000,000",,,,,"1,807,000,000","-225,000,000","69,000,000","294,000,000","75,000,000",,,,,,"75,000,000","1,657,000,000","304,000,000","1,341,000,000","1,343,000,000","1,353,000,000","1,353,000,000",,,"-10,000,000",,"2,000,000","2,000,000","1,343,000,000",0.946,0.94,"1,419,000,000","1,430,000,000","1,807,000,000","10,755,000,000","1,343,000,000","1,343,000,000","69,000,000","294,000,000","-225,000,000","1,951,000,000",,"5,655,000,000","496,000,000","1,343,000,000",,,"2,447,000,000",0.183,0,,,,,,,,"154,883,850,000","174,695,850,000",32.293,19.157,2.611,2.471,14.277999999999999,13.907,71.392,
"19,526,000,000","9,077,000,000","10,449,000,000","7,856,000,000","7,901,000,000",,,,,"2,593,000,000","-262,000,000","103,000,000","365,000,000",,,,,,,,"2,331,000,000","3,026,000,000","-711,000,000","-710,000,000","-695,000,000","-695,000,000",,,"-15,000,000",,"1,000,000","1,000,000","-710,000,000",-0.5,-0.5,"1,420,000,000","1,421,000,000","2,593,000,000","16,933,000,000","-710,000,000","-710,000,000","103,000,000","365,000,000","-262,000,000","2,696,000,000",,"9,077,000,000","765,000,000","-710,000,000",,,"3,461,000,000",0.4,0,,,,,,,,"170,543,431,371","191,475,431,371",24.776999999999997,21.368000000000002,3.202,2.719,12.847999999999999,9.806000000000001,55.324,
"16,240,000,000","7,366,000,000","8,874,000,000","5,881,000,000","5,865,000,000","16,000,000","16,000,000","16,000,000","16,000,000","2,993,000,000","-217,000,000","52,000,000","269,000,000",,,,,,,,"2,776,000,000","620,000,000","2,143,000,000","2,144,000,000","2,156,000,000","2,156,000,000",,,"-12,000,000",,"1,000,000","1,000,000","2,144,000,000",1.5,1.49,"1,425,000,000","1,438,000,000","2,993,000,000","13,247,000,000","2,144,000,000","2,144,000,000","52,000,000","269,000,000","-217,000,000","3,045,000,000",,"6,809,000,000","573,000,000","2,144,000,000",,,"3,618,000,000",0.223,0,,,,,,,,"158,469,434,270","180,834,434,270",23.558000000000003,20.04,2.795,2.541,12.818,11.135,49.982,
"15,710,000,000","7,056,000,000","8,654,000,000","5,664,000,000","5,648,000,000","16,000,000","16,000,000","16,000,000","16,000,000","2,990,000,000","-216,000,000","49,000,000","265,000,000",,,,,,,,"2,774,000,000","656,000,000","2,105,000,000","2,105,000,000","2,118,000,000","2,118,000,000",,,"-13,000,000",,0,0,"2,105,000,000",1.47,1.46,"1,428,000,000","1,441,000,000","2,990,000,000","12,720,000,000","2,105,000,000","2,105,000,000","49,000,000","265,000,000","-216,000,000","3,039,000,000",,"6,518,000,000","554,000,000","2,105,000,000",,,"3,593,000,000",0.237,0,115.52999877929688,116.11000061035156,115.3000030517578,115.48999786376952,102.45630645751952,3313300.0,PEP,"164,688,740,000","187,398,740,000",24.944000000000003,22.523000000000003,3.0460000000000003,2.654,14.286,11.929,52.157,0.1378
"12,049,000,000","5,286,000,000","6,763,000,000","4,830,000,000","4,817,000,000","13,000,000","13,000,000","13,000,000","13,000,000","1,933,000,000","-212,000,000","40,000,000","252,000,000",,,,,,,,"1,721,000,000","392,000,000","1,316,000,000","1,318,000,000","1,329,000,000","1,329,000,000",,,"-11,000,000",,"2,000,000","2,000,000","1,318,000,000",0.92,0.91,"1,428,000,000","1,440,000,000","1,933,000,000","10,116,000,000","1,318,000,000","1,318,000,000","40,000,000","252,000,000","-212,000,000","1,973,000,000",,"4,822,000,000","477,000,000","1,318,000,000",,,"2,450,000,000",0.22699999999999998,0,112.30999755859376,112.47000122070312,111.83000183105469,111.86000061035156,98.55905151367188,3744400.0,PEP,"159,959,800,000","180,820,800,000",25.656,21.93,2.964,2.5860000000000003,14.470999999999998,15.007,73.804,0.1676
"19,515,000,000","8,944,000,000","10,571,000,000","8,190,000,000","8,169,000,000","21,000,000","21,000,000","21,000,000","21,000,000","2,381,000,000","-550,000,000","44,000,000","594,000,000",,,0,,0,,,"1,831,000,000","414,000,000","1,398,000,000","1,401,000,000","1,417,000,000","1,417,000,000",,,"-16,000,000",,"2,000,000","3,000,000","1,401,000,000",0.981,0.97,"1,428,000,000","1,444,000,000","2,381,000,000","17,134,000,000","1,401,000,000","1,401,000,000","44,000,000","594,000,000","-550,000,000","2,425,000,000",,"8,208,000,000","757,000,000","1,401,000,000",0,0,"3,182,000,000",0.226,0,,,,,,,,"150,058,579,845","170,925,579,845",22.945,20.160999999999998,2.978,2.4659999999999997,11.895,8.759,53.716,
"16,027,000,000","7,284,000,000","8,743,000,000","5,922,000,000","5,904,000,000","18,000,000","18,000,000","18,000,000","18,000,000","2,821,000,000","-217,000,000","30,000,000","247,000,000",,,0,,0,,,"2,604,000,000","600,000,000","1,991,000,000","1,992,000,000","2,004,000,000","2,004,000,000",,,"-12,000,000",,"1,000,000","1,000,000","1,992,000,000",1.38,1.37,"1,438,000,000","1,452,000,000","2,821,000,000","13,206,000,000","1,992,000,000","1,992,000,000","30,000,000","247,000,000","-217,000,000","2,851,000,000",,"6,735,000,000","567,000,000","1,992,000,000",0,0,"3,418,000,000",0.23,0,108.37000274658205,109.23999786376952,108.37000274658205,108.7699966430664,94.48371124267578,7173300.0,PEP,"155,996,097,962","176,863,097,962",23.853,21.053,2.966,2.563,12.419,11.035,51.745,0.2291
"15,395,000,000","6,830,000,000","8,565,000,000","5,601,000,000","5,584,000,000","17,000,000","17,000,000","17,000,000","17,000,000","2,964,000,000","-233,000,000","22,000,000","255,000,000",,,,,,,,"2,731,000,000","718,000,000","2,004,000,000","2,005,000,000","2,013,000,000","2,013,000,000",,,"-8,000,000",,"1,000,000","1,000,000","2,005,000,000",1.39,1.38,"1,443,000,000","1,456,000,000","2,964,000,000","12,431,000,000","2,005,000,000","2,005,000,000","22,000,000","255,000,000","-233,000,000","2,986,000,000",,"6,284,000,000","563,000,000","2,005,000,000",,,"3,549,000,000",0.263,0,103.75,106.0,103.52999877929688,105.94000244140624,91.37906646728516,7973200.0,PEP,"152,464,381,251","175,447,381,251",30.269000000000002,22.624000000000002,3.4789999999999996,2.49,13.773,11.395999999999999,49.43600000000001,0.2029
"11,862,000,000","5,151,000,000","6,711,000,000","5,092,000,000","5,078,000,000","14,000,000","14,000,000","14,000,000","14,000,000","1,619,000,000","-232,000,000","14,000,000","246,000,000",,,,,,,,"1,387,000,000","442,000,000","930,000,000","931,000,000","945,000,000","945,000,000",,,"-14,000,000",,"1,000,000","1,000,000","931,000,000",0.64,0.64,"1,446,000,000","1,459,000,000","1,619,000,000","10,243,000,000","931,000,000","931,000,000","14,000,000","246,000,000","-232,000,000","1,633,000,000",,"4,684,000,000","481,000,000","931,000,000",,,"2,114,000,000",0.319,0,102.54000091552734,103.4499969482422,102.3000030517578,102.4800033569336,87.73672485351562,5367700.0,PEP,"148,186,080,000","169,502,080,000",27.924,20.202,2.925,2.4130000000000003,12.470999999999998,14.29,80.181,0.1535
"18,585,000,000","8,380,000,000","10,205,000,000","7,965,000,000","7,943,000,000","22,000,000","22,000,000","22,000,000","22,000,000","2,240,000,000","-289,000,000","28,000,000","317,000,000",0,,0,,0,,,"1,951,000,000","218,000,000","1,716,000,000","1,718,000,000","1,733,000,000","1,733,000,000",,,"-15,000,000",0,"2,000,000","2,000,000","1,718,000,000",1.186,1.17,"1,448,000,000","1,470,000,000","2,240,000,000","16,345,000,000","1,718,000,000","1,718,000,000","28,000,000","317,000,000","-289,000,000","2,268,000,000",,"7,630,000,000","772,000,000","1,718,000,000",0,0,"3,040,000,000",0.11199999999999999,0,100.52999877929688,100.91000366210938,99.80999755859376,99.91999816894531,84.9381103515625,3041500.0,PEP,"144,684,160,000","165,889,160,000",29.65,20.576,3.0180000000000002,2.322,10.780999999999999,8.926,54.568999999999996,0.1524
"16,331,000,000","7,395,000,000","8,936,000,000","6,161,000,000","6,143,000,000","18,000,000","18,000,000","18,000,000","18,000,000","2,775,000,000","-223,000,000","2,000,000","225,000,000","-1,359,000,000",,"-1,359,000,000",,"1,359,000,000",,,"1,193,000,000","650,000,000","531,000,000","533,000,000","543,000,000","543,000,000",,,"-10,000,000","1,000,000","1,000,000","2,000,000","533,000,000",0.36,0.36,"1,467,000,000","1,483,000,000","1,416,000,000","13,556,000,000","533,000,000","1,348,400,000","2,000,000","225,000,000","-223,000,000","1,418,000,000",,"6,844,000,000","569,000,000","533,000,000","-1,359,000,000","-1,359,000,000","3,346,000,000",0.4,"-543,600,000",94.05999755859376,94.4000015258789,93.52999877929688,94.3000030517578,79.60314178466797,5873600.0,PEP,"137,381,028,271","159,301,028,271",21.778000000000002,19.194000000000003,2.858,2.177,8.433,9.755,80.172,0.1274
"15,923,000,000","7,167,000,000","8,756,000,000","5,856,000,000","5,837,000,000","19,000,000","19,000,000","19,000,000","19,000,000","2,900,000,000","-203,000,000","14,000,000","217,000,000",,,,,,,,"2,697,000,000","703,000,000","1,979,000,000","1,980,000,000","1,994,000,000","1,994,000,000",,,"-14,000,000",,"1,000,000","1,000,000","1,980,000,000",1.34,1.33,"1,476,000,000","1,491,000,000","2,900,000,000","13,023,000,000","1,980,000,000","1,980,000,000","14,000,000","217,000,000","-203,000,000","2,914,000,000",,"6,607,000,000","579,000,000","1,980,000,000",,,"3,493,000,000",0.261,0,94.51000213623048,94.6999969482422,93.26000213623048,93.33999633789062,78.18628692626953,4188500.0,PEP,"137,396,480,000","159,307,480,000",21.758000000000003,19.011,3.114,2.137,8.681000000000001,10.005,45.608000000000004,0.1243
"12,217,000,000","5,442,000,000","6,775,000,000","4,978,000,000","4,962,000,000","16,000,000","16,000,000","16,000,000","16,000,000","1,797,000,000","-196,000,000","15,000,000","211,000,000",,,,,,,,"1,601,000,000","370,000,000","1,220,000,000","1,221,000,000","1,231,000,000","1,231,000,000",,,"-10,000,000",,"1,000,000","1,000,000","1,221,000,000",0.826,0.81,"1,479,000,000","1,503,000,000","1,797,000,000","10,420,000,000","1,221,000,000","1,221,000,000","15,000,000","211,000,000","-196,000,000","1,812,000,000",,"4,962,000,000","496,000,000","1,221,000,000",,,"2,308,000,000",0.231,0,96.22000122070312,96.58999633789062,95.62000274658205,95.62000274658205,79.50987243652344,4397600.0,PEP,"141,421,980,000","161,633,980,000",22.393,18.868,2.6460000000000004,2.19,8.129,13.23,70.032,0.1193
"19,948,000,000","9,364,000,000","10,584,000,000","8,553,000,000","8,526,000,000","27,000,000","27,000,000","27,000,000","27,000,000","2,031,000,000","-250,000,000","34,000,000","284,000,000",,,,,,,,"1,781,000,000","455,000,000","1,307,000,000","1,311,000,000","1,326,000,000","1,326,000,000",,,"-15,000,000",,"3,000,000","4,000,000","1,311,000,000",0.8809999999999999,0.87,"1,488,000,000","1,514,000,000","2,031,000,000","17,917,000,000","1,311,000,000","1,311,000,000","34,000,000","284,000,000","-250,000,000","2,065,000,000",,"8,560,000,000","831,000,000","1,311,000,000",,,"2,896,000,000",0.255,0,95.66999816894531,95.9800033569336,94.54000091552734,94.55999755859376,78.1050796508789,3727400.0,PEP,"140,705,280,000","160,582,280,000",20.92,19.121,2.51,2.173,6.11,8.05,55.45,0.1452
"17,218,000,000","7,995,000,000","9,223,000,000","6,376,000,000","6,354,000,000","22,000,000","22,000,000","22,000,000","22,000,000","2,847,000,000","-192,000,000","23,000,000","215,000,000",,,,,,,,"2,655,000,000","637,000,000","2,005,000,000","2,008,000,000","2,018,000,000","2,018,000,000",,,"-10,000,000",,"3,000,000","3,000,000","2,008,000,000",1.33,1.32,"1,507,000,000","1,525,000,000","2,847,000,000","14,371,000,000","2,008,000,000","2,008,000,000","23,000,000","215,000,000","-192,000,000","2,870,000,000",,"7,385,000,000","632,000,000","2,008,000,000",,,"3,502,000,000",0.24,0,92.9499969482422,93.43000030517578,92.91999816894531,93.08999633789062,76.38921356201172,4219300.0,PEP,"139,914,270,000","161,504,270,000",21.014,18.832,2.448,2.162,5.972,9.38,46.118,0.1626
"16,894,000,000","7,778,000,000","9,116,000,000","6,220,000,000","6,198,000,000","22,000,000","22,000,000","22,000,000","22,000,000","2,896,000,000","-191,000,000","18,000,000","209,000,000",,,,,,,,"2,705,000,000","718,000,000","1,976,000,000","1,978,000,000","1,987,000,000","1,987,000,000",,,"-9,000,000",,"2,000,000","2,000,000","1,978,000,000",1.3,1.29,"1,515,000,000","1,532,000,000","2,896,000,000","13,998,000,000","1,978,000,000","1,978,000,000","18,000,000","209,000,000","-191,000,000","2,914,000,000",,"7,170,000,000","630,000,000","1,978,000,000",,,"3,544,000,000",0.265,0,88.45999908447266,89.5,88.3499984741211,89.33999633789062,72.79270935058594,4473400.0,PEP,"134,992,740,000","157,019,740,000",20.213,17.605999999999998,2.48,2.089,5.938,9.294,44.306000000000004,0.1773
"12,623,000,000","5,747,000,000","6,876,000,000","5,069,000,000","5,048,000,000","21,000,000","21,000,000","21,000,000","21,000,000","1,807,000,000","-191,000,000","10,000,000","201,000,000",,,,,,,,"1,616,000,000","389,000,000","1,215,000,000","1,216,000,000","1,227,000,000","1,227,000,000",,,"-11,000,000",,"1,000,000","1,000,000","1,216,000,000",0.8009999999999999,0.79,"1,519,000,000","1,540,000,000","1,807,000,000","10,816,000,000","1,216,000,000","1,216,000,000","10,000,000","201,000,000","-191,000,000","1,817,000,000",,"5,236,000,000","532,000,000","1,216,000,000",,,"2,349,000,000",0.24100000000000002,0,83.73999786376953,83.80000305175781,83.16999816894531,83.5,67.52925109863281,6620900.0,PEP,"126,836,500,000","146,838,500,000",19.329,16.502,2.063,1.9609999999999999,5.233,11.633,62.511,0.1777
"20,118,000,000","9,565,000,000","10,553,000,000","8,155,000,000","8,120,000,000","35,000,000","35,000,000","35,000,000","35,000,000","2,398,000,000","-234,000,000","35,000,000","269,000,000",,,,,,,,"2,164,000,000","410,000,000","1,739,000,000","1,742,000,000","1,754,000,000","1,754,000,000",,,"-12,000,000",0,"3,000,000","3,000,000","1,742,000,000",1.139,1.12,"1,529,000,000","1,552,000,000","2,398,000,000","17,720,000,000","1,742,000,000","1,742,000,000","35,000,000","269,000,000","-234,000,000","2,433,000,000",,"8,752,000,000","848,000,000","1,742,000,000",,,"3,281,000,000",0.18899999999999997,0,82.9800033569336,83.33000183105469,82.54000091552734,82.94000244140625,66.60514068603516,3009500.0,PEP,"126,815,260,000","146,846,260,000",19.469,16.835,1.9680000000000002,1.9569999999999999,5.7010000000000005,7.2989999999999995,44.757,0.1641
"16,909,000,000","7,946,000,000","8,963,000,000","6,183,000,000","6,158,000,000","25,000,000","25,000,000","25,000,000","25,000,000","2,780,000,000","-203,000,000","17,000,000","220,000,000",,,,,,,,"2,577,000,000","654,000,000","1,913,000,000","1,913,000,000","1,923,000,000","1,923,000,000",,,"-10,000,000",,0,0,"1,913,000,000",1.245,1.23,"1,537,000,000","1,561,000,000","2,780,000,000","14,129,000,000","1,913,000,000","1,913,000,000","17,000,000","220,000,000","-203,000,000","2,797,000,000",,"7,341,000,000","630,000,000","1,913,000,000",,,"3,427,000,000",0.254,0,79.86000061035156,79.91999816894531,79.25,79.5,63.4099006652832,5231400.0,PEP,"122,191,500,000","143,603,500,000",18.75,16.077,2.035,1.886,5.402,8.493,41.903999999999996,0.1801
"16,807,000,000","7,898,000,000","8,909,000,000","6,040,000,000","6,013,000,000","27,000,000","27,000,000","27,000,000","27,000,000","2,869,000,000","-190,000,000","18,000,000","208,000,000",,,,,,,,"2,679,000,000","654,000,000","2,007,000,000","2,010,000,000","2,025,000,000","2,025,000,000",,,"-15,000,000","1,000,000","2,000,000","3,000,000","2,010,000,000",1.3,1.28,"1,548,000,000","1,567,000,000","2,869,000,000","13,938,000,000","2,010,000,000","2,010,000,000","18,000,000","208,000,000","-190,000,000","2,887,000,000",,"7,291,000,000","634,000,000","2,010,000,000",,,"3,521,000,000",0.244,0,,,,,,,,"126,529,130,000","148,959,130,000",20.971999999999998,16.779,2.012,1.956,5.671,8.863,42.306000000000004,
"12,581,000,000","5,834,000,000","6,747,000,000","5,089,000,000","5,066,000,000","23,000,000","23,000,000","23,000,000","23,000,000","1,658,000,000","-187,000,000","27,000,000","214,000,000",,,,,,,,"1,471,000,000","386,000,000","1,073,000,000","1,075,000,000","1,085,000,000","1,085,000,000",,,"-10,000,000",,"2,000,000","2,000,000","1,075,000,000",0.696,0.69,"1,545,000,000","1,563,000,000","1,658,000,000","10,923,000,000","1,075,000,000","1,075,000,000","27,000,000","214,000,000","-187,000,000","1,685,000,000",,"5,306,000,000","551,000,000","1,075,000,000",,,"2,236,000,000",0.263,0,,,,,,,,"122,224,950,000","144,005,950,000",20.180999999999997,15.773,2.166,1.902,5.492999999999999,11.446,64.403,
"19,954,000,000","9,654,000,000","10,300,000,000","8,087,000,000","8,050,000,000","37,000,000","37,000,000","37,000,000","37,000,000","2,213,000,000","-244,000,000","44,000,000","288,000,000",,,,,,,,"1,969,000,000","302,000,000","1,659,000,000","1,661,000,000","1,667,000,000","1,667,000,000",,,"-6,000,000",0,"2,000,000","2,000,000","1,661,000,000",1.0759999999999998,1.06,"1,544,000,000","1,564,000,000","2,213,000,000","17,741,000,000","1,661,000,000","1,661,000,000","44,000,000","288,000,000","-244,000,000","2,257,000,000",,"8,839,000,000","852,000,000","1,661,000,000",,,"3,109,000,000",0.153,0,67.77999877929689,68.44999694824219,67.38999938964844,68.43000030517578,53.43456268310547,5899600.0,PEP,"105,655,920,000","127,436,920,000",17.457,15.06,2.676,1.646,4.748,6.3870000000000005,40.99,0.1951
"16,652,000,000","7,833,000,000","8,819,000,000","6,019,000,000","5,992,000,000","27,000,000","27,000,000","27,000,000","27,000,000","2,800,000,000","-181,000,000","23,000,000","204,000,000",,,,,,,,"2,619,000,000","706,000,000","1,901,000,000","1,902,000,000","1,913,000,000","1,913,000,000",,,"-11,000,000",,"1,000,000","1,000,000","1,902,000,000",1.22,1.21,"1,556,000,000","1,575,000,000","2,800,000,000","13,852,000,000","1,902,000,000","1,902,000,000","23,000,000","204,000,000","-181,000,000","2,823,000,000",,"7,224,000,000","636,000,000","1,902,000,000",,,"3,459,000,000",0.27,0,,,,,,,,"109,764,270,000","133,944,270,000",18.673,15.337,3.196,1.685,5.376,8.044,38.723,
"16,458,000,000","7,915,000,000","8,543,000,000","6,166,000,000","6,136,000,000","30,000,000","30,000,000","30,000,000","30,000,000","2,377,000,000","-208,000,000","1,000,000","209,000,000",,,,,,,,"2,169,000,000","668,000,000","1,485,000,000","1,488,000,000","1,501,000,000","1,501,000,000",,,"-13,000,000","1,000,000","2,000,000","3,000,000","1,488,000,000",0.95,0.94,"1,563,000,000","1,581,000,000","2,377,000,000","14,081,000,000","1,488,000,000","1,488,000,000","1,000,000","209,000,000","-208,000,000","2,378,000,000",,"7,299,000,000","646,000,000","1,488,000,000",,,"3,024,000,000",0.308,0,,,,,,,,"110,088,280,000","134,026,280,000",17.533,14.749,2.835,1.679,4.871,8.144,44.321000000000005,
"12,428,000,000","5,889,000,000","6,539,000,000","4,817,000,000","4,792,000,000","25,000,000","25,000,000","25,000,000","25,000,000","1,722,000,000","-175,000,000","23,000,000","198,000,000",,,,,,,,"1,547,000,000","414,000,000","1,126,000,000","1,127,000,000","1,133,000,000","1,133,000,000",,,"-6,000,000",,"1,000,000","1,000,000","1,127,000,000",0.7190000000000001,0.71,"1,568,000,000","1,584,000,000","1,722,000,000","10,706,000,000","1,127,000,000","1,127,000,000","23,000,000","198,000,000","-175,000,000","1,745,000,000",,"5,359,000,000","555,000,000","1,127,000,000",,,"2,300,000,000",0.268,0,,,,,,,,"103,970,450,000","126,359,450,000",16.464000000000002,14.770999999999999,2.349,1.5930000000000002,5.06,10.167,54.93899999999999,
"20,158,000,000","9,731,000,000","10,427,000,000","8,180,000,000","8,150,000,000","30,000,000","30,000,000","30,000,000","30,000,000","2,247,000,000","-248,000,000","24,000,000","272,000,000",,0,,,,,,"1,999,000,000","597,000,000","1,413,000,000","1,415,000,000","1,402,000,000","1,402,000,000",,,"13,000,000",0,"2,000,000","2,000,000","1,415,000,000",0.898,0.89,"1,576,000,000","1,584,000,000","2,247,000,000","17,911,000,000","1,415,000,000","1,415,000,000","24,000,000","272,000,000","-248,000,000","2,271,000,000",,"8,901,000,000","860,000,000","1,415,000,000",,,"3,131,000,000",0.299,0,,,,,,,,"103,732,268,362","127,089,268,362",16.629,14.409,1.8119999999999998,1.649,4.409,6.305,40.591,
"17,582,000,000","8,452,000,000","9,130,000,000","6,224,000,000","6,186,000,000","38,000,000","38,000,000","38,000,000","38,000,000","2,906,000,000","-209,000,000","-4,000,000","209,000,000",,0,,,,,,"2,697,000,000","686,000,000","1,999,000,000","2,000,000,000","2,011,000,000","2,011,000,000",,,"-11,000,000",,"1,000,000","1,000,000","2,000,000,000",1.27,1.25,"1,578,000,000","1,599,000,000","2,906,000,000","14,676,000,000","2,000,000,000","2,000,000,000","-4,000,000","209,000,000","-209,000,000","2,906,000,000",,"7,800,000,000","690,000,000","2,000,000,000",,,"3,596,000,000",0.254,0,62.36999893188477,62.9900016784668,61.849998474121094,61.9000015258789,46.47526168823242,7405600.0,PEP,"97,059,200,000","120,416,200,000",15.514000000000001,12.854000000000001,1.714,1.538,4.124,6.849,33.486,0.255
"16,827,000,000","7,963,000,000","8,864,000,000","6,110,000,000","6,070,000,000","40,000,000","40,000,000","40,000,000","40,000,000","2,754,000,000","-179,000,000","20,000,000","199,000,000",,0,,,,,,"2,575,000,000","670,000,000","1,883,000,000","1,885,000,000","1,905,000,000","1,905,000,000",,,"-20,000,000","1,000,000","1,000,000","2,000,000","1,885,000,000",1.19,1.17,"1,583,000,000","1,605,000,000","2,754,000,000","14,073,000,000","1,885,000,000","1,885,000,000","20,000,000","199,000,000","-179,000,000","2,774,000,000",,"7,339,000,000","664,000,000","1,885,000,000",,,"3,438,000,000",0.26,0,70.12999725341797,70.48999786376953,69.91999816894531,70.43000030517578,52.45761108398438,5280400.0,PEP,"111,561,120,000","135,580,120,000",17.921,14.327,1.911,1.8119999999999998,4.666,8.057,39.436,0.2674
"11,937,000,000","5,447,000,000","6,490,000,000","4,764,000,000","4,739,000,000","25,000,000","25,000,000","25,000,000","25,000,000","1,726,000,000","-163,000,000","17,000,000","180,000,000",,0,,,,,,"1,563,000,000","419,000,000","1,141,000,000","1,143,000,000","1,144,000,000","1,144,000,000",,,"-1,000,000",,"2,000,000","2,000,000","1,143,000,000",0.72,0.71,"1,583,000,000","1,605,000,000","1,726,000,000","10,211,000,000","1,143,000,000","1,143,000,000","17,000,000","180,000,000","-163,000,000","1,743,000,000",,"4,949,000,000","523,000,000","1,143,000,000",,,"2,266,000,000",0.268,0,65.08999633789061,65.23000335693361,64.34999847412111,64.41000366210939,47.62640762329102,7403500.0,PEP,"101,832,210,000","125,042,210,000",17.268,13.140999999999998,1.126,1.7209999999999999,4.641,10.475,55.181999999999995,0.2711
"18,155,000,000","8,359,000,000","9,796,000,000","7,565,000,000","7,526,000,000","39,000,000","39,000,000","39,000,000","39,000,000","2,231,000,000","-366,000,000","42,000,000","408,000,000","7,000,000","7,000,000",,,,,,"1,872,000,000","511,000,000","1,362,000,000","1,365,000,000","1,361,000,000","1,361,000,000",,,"4,000,000",0,"3,000,000","3,000,000","1,365,000,000",,,,,"2,231,000,000","15,924,000,000","1,365,000,000","1,365,000,000","42,000,000","408,000,000","-366,000,000","2,280,000,000",,"7,651,000,000","747,000,000","1,365,000,000",,,"3,027,000,000",0.273,0,65.05000305175781,65.55000305175781,65.02999877929689,65.33000183105469,47.939842224121094,2977400.0,PEP,"103,286,730,000","121,855,730,000",16.708,14.205,1.315,1.8230000000000002,4.89,6.712000000000001,40.256,0.3212
"15,514,000,000","7,008,000,000","8,506,000,000","5,706,000,000","5,676,000,000","30,000,000","30,000,000","30,000,000","30,000,000","2,800,000,000","-151,000,000","18,000,000","169,000,000","10,000,000","10,000,000",,,,,,"2,659,000,000","729,000,000","1,922,000,000","1,922,000,000","1,930,000,000","1,930,000,000",,,"-8,000,000",,0,0,"1,922,000,000",3.11,3.06,"1,593,000,000","1,618,000,000","2,800,000,000","12,714,000,000","1,922,000,000","1,922,000,000","18,000,000","169,000,000","-151,000,000","2,828,000,000",,"6,427,000,000","611,000,000","1,922,000,000",,,"3,439,000,000",0.27399999999999997,0,66.94999694824219,67.30999755859375,66.25,66.44000244140625,48.39228439331055,7002300.0,PEP,"105,108,080,000","123,541,080,000",16.778,,,2.02,5.2829999999999995,7.962999999999999,35.924,0.2384
"14,801,000,000","6,745,000,000","8,056,000,000","5,595,000,000","5,563,000,000","32,000,000","32,000,000","32,000,000","32,000,000","2,461,000,000","-170,000,000","2,000,000","172,000,000","9,000,000","9,000,000",,,,,,"2,300,000,000","687,000,000","1,601,000,000","1,603,000,000","1,613,000,000","1,613,000,000",,,"-10,000,000","1,000,000","1,000,000","2,000,000","1,603,000,000",1.0,0.98,"1,608,000,000","1,634,000,000","2,461,000,000","12,340,000,000","1,603,000,000","1,603,000,000","2,000,000","172,000,000","-170,000,000","2,472,000,000",,"6,184,000,000","593,000,000","1,603,000,000",,,"3,065,000,000",0.299,0,61.27999877929688,61.72999954223633,60.5,60.95000076293945,44.061561584472656,8760700.0,PEP,"97,093,350,000","116,459,350,000",15.79,,,2.011,4.958,7.867999999999999,37.997,0.1645
"9,368,000,000","4,463,000,000","4,905,000,000","4,065,000,000","4,049,000,000","16,000,000","16,000,000","16,000,000","16,000,000","840,000,000","-148,000,000","6,000,000","154,000,000","709,000,000","709,000,000",,,,,,"1,401,000,000","-33,000,000","1,429,000,000","1,430,000,000","1,434,000,000","1,434,000,000",,,"-4,000,000",,"1,000,000","1,000,000","1,430,000,000",0.904,0.89,"1,582,000,000","1,606,000,000","840,000,000","8,528,000,000","1,430,000,000","1,430,000,000","6,000,000","154,000,000","-148,000,000","1,555,000,000",,"4,103,000,000","376,000,000","1,430,000,000",,,"1,931,000,000",0.35,0,66.68000030517578,66.70999908447266,66.05999755859375,66.16000366210939,47.4621467590332,8123900.0,PEP,"107,576,160,000","125,328,160,000",16.792,,,2.367,4.994,13.378,64.903,0.1659
