date, sugar_price
2010-01-04,0.2762
2010-01-05,0.2764
2010-01-06,0.2841
2010-01-07,0.28
2010-01-08,0.2753
2010-01-11,0.2675
2010-01-12,0.2736
2010-01-13,0.2804
2010-01-14,0.2776
2010-01-15,0.2762
2010-01-19,0.2898
2010-01-20,0.2911
2010-01-21,0.2926
2010-01-22,0.2878
2010-01-25,0.298
2010-01-26,0.293
2010-01-27,0.2836
2010-01-28,0.29
2010-01-29,0.299
2010-02-01,0.2928
2010-02-02,0.294
2010-02-03,0.2858
2010-02-04,0.2764
2010-02-05,0.2617
2010-02-08,0.266
2010-02-09,0.2707
2010-02-10,0.2664
2010-02-11,0.2753
2010-02-12,0.2695
2010-02-16,0.2736
2010-02-17,0.2612
2010-02-18,0.2647
2010-02-19,0.268
2010-02-22,0.2479
2010-02-23,0.2423
2010-02-24,0.2483
2010-02-25,0.24
2010-02-26,0.2371
2010-03-01,0.2226
2010-03-02,0.2264
2010-03-03,0.2205
2010-03-04,0.2167
2010-03-05,0.2219
2010-03-08,0.2157
2010-03-09,0.2032
2010-03-10,0.1969
2010-03-11,0.1927
2010-03-12,0.1967
2010-03-15,0.1939
2010-03-16,0.1824
2010-03-17,0.1833
2010-03-18,0.1903
2010-03-19,0.1864
2010-03-22,0.1784
2010-03-23,0.1657
2010-03-24,0.1767
2010-03-25,0.1705
2010-03-26,0.17
2010-03-29,0.1751
2010-03-30,0.1788
2010-03-31,0.1659
2010-04-01,0.16699999999999998
2010-04-05,0.16399999999999998
2010-04-06,0.1589
2010-04-07,0.1616
2010-04-08,0.1592
2010-04-09,0.1639
2010-04-12,0.1654
2010-04-13,0.1698
2010-04-14,0.1753
2010-04-15,0.1685
2010-04-16,0.1595
2010-04-19,0.1691
2010-04-20,0.1646
2010-04-21,0.1655
2010-04-22,0.1607
2010-04-23,0.1566
2010-04-26,0.1569
2010-04-27,0.1517
2010-04-28,0.1472
2010-04-29,0.1521
2010-04-30,0.1513
2010-05-03,0.1498
2010-05-04,0.1451
2010-05-05,0.1441
2010-05-06,0.1367
2010-05-07,0.1375
2010-05-10,0.1418
2010-05-11,0.1391
2010-05-12,0.1467
2010-05-13,0.1466
2010-05-14,0.1413
2010-05-17,0.1389
2010-05-18,0.14800000000000002
2010-05-19,0.1493
2010-05-20,0.1499
2010-05-21,0.1565
2010-05-24,0.1519
2010-05-25,0.1525
2010-05-26,0.1536
2010-05-27,0.1492
2010-05-28,0.1419
2010-06-01,0.14400000000000002
2010-06-02,0.1394
2010-06-03,0.1399
2010-06-04,0.1452
2010-06-07,0.1433
2010-06-08,0.1488
2010-06-09,0.1516
2010-06-10,0.1536
2010-06-11,0.1583
2010-06-14,0.1605
2010-06-15,0.1618
2010-06-16,0.1627
2010-06-17,0.1579
2010-06-18,0.1558
2010-06-21,0.1618
2010-06-22,0.1621
2010-06-23,0.1625
2010-06-24,0.1682
2010-06-25,0.1711
2010-06-28,0.1664
2010-06-29,0.162
2010-06-30,0.1645
2010-07-01,0.1628
2010-07-02,0.16699999999999998
2010-07-06,0.1669
2010-07-07,0.1706
2010-07-08,0.1709
2010-07-09,0.1661
2010-07-12,0.171
2010-07-13,0.1717
2010-07-14,0.1697
2010-07-15,0.1739
2010-07-16,0.1711
2010-07-19,0.1761
2010-07-20,0.1728
2010-07-21,0.1747
2010-07-22,0.183
2010-07-23,0.1826
2010-07-26,0.1862
2010-07-27,0.1842
2010-07-28,0.1887
2010-07-29,0.195
2010-07-30,0.1957
2010-08-02,0.19399999999999998
2010-08-03,0.1859
2010-08-04,0.1888
2010-08-05,0.1829
2010-08-06,0.1824
2010-08-09,0.1773
2010-08-10,0.1856
2010-08-11,0.1826
2010-08-12,0.1897
2010-08-13,0.1942
2010-08-16,0.1894
2010-08-17,0.1938
2010-08-18,0.196
2010-08-19,0.1948
2010-08-20,0.1995
2010-08-23,0.2007
2010-08-24,0.2016
2010-08-25,0.2003
2010-08-26,0.1927
2010-08-27,0.1996
2010-08-30,0.1981
2010-08-31,0.1975
2010-09-01,0.2049
2010-09-02,0.2081
2010-09-03,0.20600000000000002
2010-09-07,0.2145
2010-09-08,0.2138
2010-09-09,0.2243
2010-09-10,0.2273
2010-09-13,0.2334
2010-09-14,0.2436
2010-09-15,0.2382
2010-09-16,0.2448
2010-09-17,0.2461
2010-09-20,0.2429
2010-09-21,0.2379
2010-09-22,0.2431
2010-09-23,0.247
2010-09-24,0.2544
2010-09-27,0.2587
2010-09-28,0.2622
2010-09-29,0.2569
2010-09-30,0.2384
2010-10-01,0.2336
2010-10-04,0.2299
2010-10-05,0.2374
2010-10-06,0.2354
2010-10-07,0.2516
2010-10-08,0.2632
2010-10-11,0.2659
2010-10-12,0.2745
2010-10-13,0.275
2010-10-14,0.2794
2010-10-15,0.2706
2010-10-18,0.2758
2010-10-19,0.2833
2010-10-20,0.2881
2010-10-21,0.2835
2010-10-22,0.2822
2010-10-25,0.285
2010-10-26,0.2796
2010-10-27,0.2859
2010-10-28,0.2871
2010-10-29,0.2912
2010-11-01,0.2945
2010-11-02,0.3012
2010-11-03,0.3015
2010-11-04,0.3166
2010-11-05,0.3176
2010-11-08,0.3188
2010-11-09,0.3311
2010-11-10,0.3281
2010-11-11,0.2966
2010-11-12,0.2621
2010-11-15,0.2703
2010-11-16,0.2631
2010-11-17,0.2647
2010-11-18,0.2815
2010-11-19,0.2615
2010-11-22,0.265
2010-11-23,0.2733
2010-11-24,0.2795
2010-11-26,0.2825
2010-11-29,0.2835
2010-11-30,0.2755
2010-12-01,0.2837
2010-12-02,0.2845
2010-12-03,0.295
2010-12-06,0.2901
2010-12-07,0.2841
2010-12-08,0.2898
2010-12-09,0.2871
2010-12-10,0.2913
2010-12-13,0.3049
2010-12-14,0.3078
2010-12-15,0.3111
2010-12-16,0.31
2010-12-17,0.325
2010-12-20,0.3296
2010-12-21,0.3302
2010-12-22,0.3313
2010-12-23,0.3398
2010-12-27,0.3364
2010-12-28,0.3439
2010-12-29,0.3383
2010-12-30,0.3038
2010-12-31,0.3212
2011-01-04,0.31
2011-01-05,0.322
2011-01-06,0.3024
2011-01-07,0.3153
2011-01-10,0.3174
2011-01-11,0.3275
2011-01-12,0.3202
2011-01-13,0.3206
2011-01-14,0.3089
2011-01-18,0.3112
2011-01-19,0.3118
2011-01-20,0.3131
2011-01-21,0.3233
2011-01-24,0.3231
2011-01-25,0.3184
2011-01-26,0.3313
2011-01-27,0.3418
2011-01-28,0.3394
2011-01-31,0.3397
2011-02-01,0.3396
2011-02-02,0.3531
2011-02-03,0.3204
2011-02-04,0.3264
2011-02-07,0.3268
2011-02-08,0.3116
2011-02-09,0.315
2011-02-10,0.3205
2011-02-11,0.313
2011-02-14,0.3091
2011-02-15,0.3082
2011-02-16,0.3177
2011-02-17,0.3126
2011-02-18,0.3102
2011-02-22,0.3096
2011-02-23,0.2942
2011-02-24,0.2926
2011-02-25,0.2985
2011-02-28,0.3006
2011-03-01,0.2926
2011-03-02,0.3038
2011-03-03,0.3059
2011-03-04,0.2988
2011-03-07,0.2999
2011-03-08,0.307
2011-03-09,0.3042
2011-03-10,0.2871
2011-03-11,0.2886
2011-03-14,0.2779
2011-03-15,0.2565
2011-03-16,0.2585
2011-03-17,0.2674
2011-03-18,0.2771
2011-03-21,0.2748
2011-03-22,0.2716
2011-03-23,0.2658
2011-03-24,0.2745
2011-03-25,0.2786
2011-03-28,0.2705
2011-03-29,0.2702
2011-03-30,0.2721
2011-03-31,0.2711
2011-04-01,0.2744
2011-04-04,0.28
2011-04-05,0.2755
2011-04-06,0.2671
2011-04-07,0.265
2011-04-08,0.2566
2011-04-11,0.2604
2011-04-12,0.2558
2011-04-13,0.2479
2011-04-14,0.2444
2011-04-15,0.2459
2011-04-18,0.244
2011-04-19,0.2427
2011-04-20,0.252
2011-04-21,0.2548
2011-04-25,0.2507
2011-04-26,0.24600000000000002
2011-04-27,0.2391
2011-04-28,0.2307
2011-04-29,0.2248
2011-05-02,0.2187
2011-05-03,0.2205
2011-05-04,0.2135
2011-05-05,0.2086
2011-05-06,0.2047
2011-05-09,0.2096
2011-05-10,0.2187
2011-05-11,0.2094
2011-05-12,0.2133
2011-05-13,0.2145
2011-05-16,0.2177
2011-05-17,0.2193
2011-05-18,0.2285
2011-05-19,0.2182
2011-05-20,0.2241
2011-05-23,0.2151
2011-05-24,0.2191
2011-05-25,0.2264
2011-05-26,0.2269
2011-05-27,0.2299
2011-05-31,0.2318
2011-06-01,0.2246
2011-06-02,0.2352
2011-06-03,0.2395
2011-06-06,0.2359
2011-06-07,0.2435
2011-06-08,0.2495
2011-06-09,0.2484
2011-06-10,0.2564
2011-06-13,0.2559
2011-06-14,0.2515
2011-06-15,0.2508
2011-06-16,0.2592
2011-06-17,0.2637
2011-06-20,0.2747
2011-06-21,0.2749
2011-06-22,0.2723
2011-06-23,0.2758
2011-06-24,0.2754
2011-06-27,0.2742
2011-06-28,0.2837
2011-06-29,0.2786
2011-06-30,0.2674
2011-07-01,0.2725
2011-07-05,0.276
2011-07-06,0.2768
2011-07-07,0.2952
2011-07-08,0.2936
2011-07-11,0.2892
2011-07-12,0.3049
2011-07-13,0.3024
2011-07-14,0.2902
2011-07-15,0.2897
2011-07-18,0.2894
2011-07-19,0.2878
2011-07-20,0.2892
2011-07-21,0.2985
2011-07-22,0.3134
2011-07-25,0.3074
2011-07-26,0.3094
2011-07-27,0.3113
2011-07-28,0.2992
2011-07-29,0.2981
2011-08-01,0.2897
2011-08-02,0.2816
2011-08-03,0.2769
2011-08-04,0.2779
2011-08-05,0.2754
2011-08-08,0.2698
2011-08-09,0.2749
2011-08-10,0.2762
2011-08-11,0.2808
2011-08-12,0.2784
2011-08-15,0.2748
2011-08-16,0.2804
2011-08-17,0.2949
2011-08-18,0.2912
2011-08-19,0.3096
2011-08-22,0.3079
2011-08-23,0.3082
2011-08-24,0.3018
2011-08-25,0.2966
2011-08-26,0.3022
2011-08-29,0.2989
2011-08-30,0.2962
2011-08-31,0.2968
2011-09-01,0.2959
2011-09-02,0.2918
2011-09-06,0.2829
2011-09-07,0.2841
2011-09-08,0.2873
2011-09-09,0.2905
2011-09-12,0.2957
2011-09-13,0.2941
2011-09-14,0.297
2011-09-15,0.295
2011-09-16,0.2752
2011-09-19,0.2783
2011-09-20,0.2759
2011-09-21,0.2683
2011-09-22,0.2567
2011-09-23,0.2484
2011-09-26,0.2509
2011-09-27,0.2577
2011-09-28,0.2513
2011-09-29,0.2626
2011-09-30,0.255
2011-10-03,0.2485
2011-10-04,0.2469
2011-10-05,0.248
2011-10-06,0.2464
2011-10-07,0.2516
2011-10-10,0.2628
2011-10-11,0.2594
2011-10-12,0.2601
2011-10-13,0.2691
2011-10-14,0.2793
2011-10-17,0.2779
2011-10-18,0.2785
2011-10-19,0.2697
2011-10-20,0.268
2011-10-21,0.2648
2011-10-24,0.271
2011-10-25,0.2694
2011-10-26,0.2635
2011-10-27,0.2686
2011-10-28,0.2615
2011-10-31,0.2577
2011-11-01,0.2534
2011-11-02,0.2542
2011-11-03,0.2565
2011-11-04,0.2557
2011-11-07,0.2532
2011-11-08,0.2591
2011-11-09,0.2536
2011-11-10,0.2539
2011-11-11,0.25
2011-11-14,0.2475
2011-11-15,0.2481
2011-11-16,0.2452
2011-11-17,0.2404
2011-11-18,0.2397
2011-11-21,0.2409
2011-11-22,0.2344
2011-11-23,0.2309
2011-11-25,0.22899999999999998
2011-11-28,0.2312
2011-11-29,0.2349
2011-11-30,0.2369
2011-12-01,0.2359
2011-12-02,0.2345
2011-12-05,0.2408
2011-12-06,0.2418
2011-12-07,0.2305
2011-12-08,0.2413
2011-12-09,0.23399999999999999
2011-12-12,0.2329
2011-12-13,0.2344
2011-12-14,0.228
2011-12-15,0.2275
2011-12-16,0.2308
2011-12-19,0.2309
2011-12-20,0.2349
2011-12-21,0.2332
2011-12-22,0.2344
2011-12-23,0.2359
2011-12-27,0.2361
2011-12-28,0.2313
2011-12-29,0.2351
2011-12-30,0.233
2012-01-03,0.2451
2012-01-04,0.2442
2012-01-05,0.2313
2012-01-06,0.2329
2012-01-09,0.2334
2012-01-10,0.2332
2012-01-11,0.2369
2012-01-12,0.2327
2012-01-13,0.2384
2012-01-17,0.2386
2012-01-18,0.24
2012-01-19,0.2461
2012-01-20,0.2489
2012-01-23,0.2496
2012-01-24,0.2489
2012-01-25,0.2451
2012-01-26,0.2473
2012-01-27,0.2421
2012-01-30,0.2385
2012-01-31,0.2364
2012-02-01,0.2359
2012-02-02,0.2348
2012-02-03,0.2394
2012-02-06,0.245
2012-02-07,0.244
2012-02-08,0.2448
2012-02-09,0.2453
2012-02-10,0.2467
2012-02-13,0.2464
2012-02-14,0.2425
2012-02-15,0.2449
2012-02-16,0.2459
2012-02-17,0.2462
2012-02-21,0.2535
2012-02-22,0.2576
2012-02-23,0.2594
2012-02-24,0.26
2012-02-27,0.2612
2012-02-28,0.2563
2012-02-29,0.2514
2012-03-01,0.2485
2012-03-02,0.2496
2012-03-05,0.2468
2012-03-06,0.2405
2012-03-07,0.2392
2012-03-08,0.2396
2012-03-09,0.2366
2012-03-12,0.2377
2012-03-13,0.2413
2012-03-14,0.2444
2012-03-15,0.255
2012-03-16,0.2541
2012-03-19,0.2566
2012-03-20,0.2561
2012-03-21,0.2533
2012-03-22,0.2591
2012-03-23,0.2563
2012-03-26,0.2478
2012-03-27,0.243
2012-03-28,0.2426
2012-03-29,0.24600000000000002
2012-03-30,0.2471
2012-04-02,0.2458
2012-04-03,0.2425
2012-04-04,0.2442
2012-04-05,0.2458
2012-04-09,0.2443
2012-04-10,0.2387
2012-04-11,0.2395
2012-04-12,0.2422
2012-04-13,0.2337
2012-04-16,0.22899999999999998
2012-04-17,0.2302
2012-04-18,0.2234
2012-04-19,0.2205
2012-04-20,0.2193
2012-04-23,0.2191
2012-04-24,0.22
2012-04-25,0.2199
2012-04-26,0.2129
2012-04-27,0.2121
2012-04-30,0.2113
2012-05-01,0.2095
2012-05-02,0.2055
2012-05-03,0.2065
2012-05-04,0.2081
2012-05-07,0.2105
2012-05-08,0.2037
2012-05-09,0.2038
2012-05-10,0.2045
2012-05-11,0.2022
2012-05-14,0.2027
2012-05-15,0.204
2012-05-16,0.2073
2012-05-17,0.2086
2012-05-18,0.2047
2012-05-21,0.2038
2012-05-22,0.198
2012-05-23,0.1951
2012-05-24,0.1958
2012-05-25,0.1962
2012-05-29,0.1953
2012-05-30,0.1948
2012-05-31,0.1942
2012-06-01,0.1909
2012-06-04,0.18899999999999997
2012-06-05,0.1906
2012-06-06,0.19899999999999998
2012-06-07,0.1976
2012-06-08,0.1998
2012-06-11,0.2047
2012-06-12,0.2036
2012-06-13,0.1992
2012-06-14,0.1997
2012-06-15,0.2084
2012-06-18,0.2086
2012-06-19,0.2157
2012-06-20,0.2174
2012-06-21,0.2139
2012-06-22,0.2024
2012-06-25,0.203
2012-06-26,0.2047
2012-06-27,0.2123
2012-06-28,0.20800000000000002
2012-06-29,0.2117
2012-07-02,0.214
2012-07-03,0.2198
2012-07-05,0.2192
2012-07-06,0.2225
2012-07-09,0.22699999999999998
2012-07-10,0.2249
2012-07-11,0.2288
2012-07-12,0.2246
2012-07-13,0.2273
2012-07-16,0.2277
2012-07-17,0.2279
2012-07-18,0.2295
2012-07-19,0.2325
2012-07-20,0.2392
2012-07-23,0.2389
2012-07-24,0.2349
2012-07-25,0.2357
2012-07-26,0.225
2012-07-27,0.2252
2012-07-30,0.228
2012-07-31,0.2264
2012-08-01,0.2256
2012-08-02,0.2204
2012-08-03,0.22
2012-08-06,0.2183
2012-08-07,0.2142
2012-08-08,0.2109
2012-08-09,0.20800000000000002
2012-08-10,0.2074
2012-08-13,0.2039
2012-08-14,0.2032
2012-08-15,0.2029
2012-08-16,0.2015
2012-08-17,0.2018
2012-08-20,0.205
2012-08-21,0.1978
2012-08-22,0.1994
2012-08-23,0.1959
2012-08-24,0.1958
2012-08-27,0.1956
2012-08-28,0.2013
2012-08-29,0.1976
2012-08-30,0.1975
2012-08-31,0.1978
2012-09-04,0.1934
2012-09-05,0.1901
2012-09-06,0.1887
2012-09-07,0.1938
2012-09-10,0.1943
2012-09-11,0.1944
2012-09-12,0.1972
2012-09-13,0.1971
2012-09-14,0.1991
2012-09-17,0.2003
2012-09-18,0.1944
2012-09-19,0.1896
2012-09-20,0.1921
2012-09-21,0.1938
2012-09-24,0.195
2012-09-25,0.2003
2012-09-26,0.1989
2012-09-27,0.2007
2012-09-28,0.2025
2012-10-01,0.2113
2012-10-02,0.2159
2012-10-03,0.2158
2012-10-04,0.21600000000000003
2012-10-05,0.2154
2012-10-08,0.2142
2012-10-09,0.2147
2012-10-10,0.2126
2012-10-11,0.2045
2012-10-12,0.2005
2012-10-15,0.1985
2012-10-16,0.2017
2012-10-17,0.2011
2012-10-18,0.1979
2012-10-19,0.2023
2012-10-22,0.2006
2012-10-23,0.1965
2012-10-24,0.1968
2012-10-25,0.1953
2012-10-26,0.1935
2012-10-29,0.1941
2012-10-30,0.1956
2012-10-31,0.1946
2012-11-01,0.1938
2012-11-02,0.1945
2012-11-05,0.1933
2012-11-06,0.1959
2012-11-07,0.1895
2012-11-08,0.1884
2012-11-09,0.1906
2012-11-12,0.1936
2012-11-13,0.1935
2012-11-14,0.1924
2012-11-15,0.1904
2012-11-16,0.1915
2012-11-19,0.1994
2012-11-20,0.19899999999999998
2012-11-21,0.1964
2012-11-23,0.1914
2012-11-26,0.1915
2012-11-27,0.1923
2012-11-28,0.1916
2012-11-29,0.1934
2012-11-30,0.1934
2012-12-03,0.1975
2012-12-04,0.1944
2012-12-05,0.1957
2012-12-06,0.1936
2012-12-07,0.1921
2012-12-10,0.1876
2012-12-11,0.1888
2012-12-12,0.1854
2012-12-13,0.1854
2012-12-14,0.1901
2012-12-17,0.1941
2012-12-18,0.1939
2012-12-19,0.1923
2012-12-20,0.1925
2012-12-21,0.1925
2012-12-24,0.1902
2012-12-26,0.1905
2012-12-27,0.1945
2012-12-28,0.1942
2012-12-31,0.1951
2013-01-02,0.1969
2013-01-03,0.191
2013-01-04,0.1885
2013-01-07,0.1886
2013-01-08,0.1867
2013-01-09,0.1872
2013-01-10,0.1896
2013-01-11,0.1917
2013-01-14,0.18899999999999997
2013-01-15,0.1862
2013-01-16,0.1845
2013-01-17,0.1842
2013-01-18,0.1837
2013-01-22,0.1812
2013-01-23,0.185
2013-01-24,0.1849
2013-01-25,0.1838
2013-01-28,0.1873
2013-01-29,0.1838
2013-01-30,0.1871
2013-01-31,0.1878
2013-02-01,0.1889
2013-02-04,0.1873
2013-02-05,0.1856
2013-02-06,0.1819
2013-02-07,0.1816
2013-02-08,0.1814
2013-02-11,0.1844
2013-02-12,0.1808
2013-02-13,0.1823
2013-02-14,0.1794
2013-02-15,0.18
2013-02-19,0.1822
2013-02-20,0.1835
2013-02-21,0.1812
2013-02-22,0.1824
2013-02-25,0.1803
2013-02-26,0.1789
2013-02-27,0.1798
2013-02-28,0.1839
2013-03-01,0.1791
2013-03-04,0.1808
2013-03-05,0.1819
2013-03-06,0.182
2013-03-07,0.1877
2013-03-08,0.1875
2013-03-11,0.1882
2013-03-12,0.1882
2013-03-13,0.188
2013-03-14,0.1884
2013-03-15,0.1889
2013-03-18,0.1829
2013-03-19,0.1831
2013-03-20,0.1835
2013-03-21,0.1821
2013-03-22,0.182
2013-03-25,0.1797
2013-03-26,0.1778
2013-03-27,0.1785
2013-03-28,0.1766
2013-04-01,0.1769
2013-04-02,0.1759
2013-04-03,0.175
2013-04-04,0.1767
2013-04-05,0.1765
2013-04-08,0.177
2013-04-09,0.1772
2013-04-10,0.179
2013-04-11,0.1784
2013-04-12,0.1803
2013-04-15,0.1779
2013-04-16,0.1801
2013-04-17,0.1785
2013-04-18,0.1769
2013-04-19,0.1797
2013-04-22,0.1787
2013-04-23,0.1774
2013-04-24,0.174
2013-04-25,0.174
2013-04-26,0.1738
2013-04-29,0.1747
2013-04-30,0.1761
2013-05-01,0.1733
2013-05-02,0.17600000000000002
2013-05-03,0.1753
2013-05-06,0.1781
2013-05-07,0.1764
2013-05-08,0.1747
2013-05-09,0.1747
2013-05-10,0.1743
2013-05-13,0.1725
2013-05-14,0.1702
2013-05-15,0.1695
2013-05-16,0.1683
2013-05-17,0.1689
2013-05-20,0.1681
2013-05-21,0.1686
2013-05-22,0.1665
2013-05-23,0.1676
2013-05-24,0.1684
2013-05-28,0.1672
2013-05-29,0.1667
2013-05-30,0.1665
2013-05-31,0.1655
2013-06-03,0.1643
2013-06-04,0.1638
2013-06-05,0.1638
2013-06-06,0.1648
2013-06-07,0.1643
2013-06-10,0.1638
2013-06-11,0.1629
2013-06-12,0.1621
2013-06-13,0.1624
2013-06-14,0.1678
2013-06-17,0.1693
2013-06-18,0.1676
2013-06-19,0.1697
2013-06-20,0.1638
2013-06-21,0.1674
2013-06-24,0.1701
2013-06-25,0.1712
2013-06-26,0.1714
2013-06-27,0.1679
2013-06-28,0.1681
2013-07-01,0.1669
2013-07-02,0.1653
2013-07-03,0.1642
2013-07-05,0.1626
2013-07-08,0.1633
2013-07-09,0.1634
2013-07-10,0.1625
2013-07-11,0.161
2013-07-12,0.1606
2013-07-15,0.1616
2013-07-16,0.16
2013-07-17,0.1608
2013-07-18,0.1618
2013-07-19,0.1629
2013-07-22,0.16399999999999998
2013-07-23,0.1634
2013-07-24,0.1614
2013-07-25,0.1639
2013-07-26,0.1647
2013-07-29,0.1692
2013-07-30,0.1693
2013-07-31,0.1697
2013-08-01,0.1683
2013-08-02,0.1679
2013-08-05,0.1656
2013-08-06,0.1655
2013-08-07,0.1678
2013-08-08,0.1682
2013-08-09,0.1698
2013-08-12,0.1716
2013-08-13,0.1725
2013-08-14,0.1725
2013-08-15,0.1719
2013-08-16,0.1694
2013-08-19,0.1653
2013-08-20,0.1647
2013-08-21,0.1632
2013-08-22,0.1628
2013-08-23,0.1647
2013-08-26,0.1661
2013-08-27,0.1646
2013-08-28,0.1644
2013-08-29,0.1637
2013-08-30,0.1634
2013-09-03,0.1647
2013-09-04,0.1638
2013-09-05,0.1651
2013-09-06,0.1679
2013-09-09,0.1701
2013-09-10,0.1718
2013-09-11,0.1717
2013-09-12,0.1718
2013-09-13,0.1709
2013-09-16,0.1694
2013-09-17,0.1679
2013-09-18,0.1689
2013-09-19,0.1717
2013-09-20,0.1718
2013-09-23,0.1725
2013-09-24,0.1742
2013-09-25,0.1773
2013-09-26,0.1778
2013-09-27,0.1739
2013-09-30,0.1801
2013-10-01,0.1832
2013-10-02,0.1851
2013-10-03,0.1852
2013-10-04,0.1848
2013-10-07,0.1859
2013-10-08,0.1862
2013-10-09,0.1859
2013-10-10,0.1872
2013-10-11,0.1893
2013-10-14,0.1905
2013-10-15,0.187
2013-10-16,0.1901
2013-10-17,0.19
2013-10-18,0.195
2013-10-21,0.1942
2013-10-22,0.1945
2013-10-23,0.1928
2013-10-24,0.1897
2013-10-25,0.1903
2013-10-28,0.1891
2013-10-29,0.1845
2013-10-30,0.1832
2013-10-31,0.1832
2013-11-01,0.1825
2013-11-04,0.1832
2013-11-05,0.1826
2013-11-06,0.18100000000000002
2013-11-07,0.1804
2013-11-08,0.1808
2013-11-11,0.1797
2013-11-12,0.1787
2013-11-13,0.17800000000000002
2013-11-14,0.1764
2013-11-15,0.1755
2013-11-18,0.1775
2013-11-19,0.1765
2013-11-20,0.17600000000000002
2013-11-21,0.1751
2013-11-22,0.174
2013-11-25,0.1732
2013-11-26,0.17300000000000001
2013-11-27,0.1722
2013-11-29,0.1715
2013-12-02,0.1697
2013-12-03,0.1681
2013-12-04,0.1668
2013-12-05,0.1669
2013-12-06,0.1659
2013-12-09,0.1655
2013-12-10,0.1662
2013-12-11,0.1651
2013-12-12,0.163
2013-12-13,0.1627
2013-12-16,0.1627
2013-12-17,0.1596
2013-12-18,0.1589
2013-12-19,0.1615
2013-12-20,0.1645
2013-12-23,0.1623
2013-12-24,0.1621
2013-12-26,0.1629
2013-12-27,0.1643
2013-12-30,0.1638
2013-12-31,0.1641
2014-01-02,0.1629
2014-01-03,0.1608
2014-01-06,0.1608
2014-01-07,0.1606
2014-01-08,0.1574
2014-01-09,0.1548
2014-01-10,0.1557
2014-01-13,0.156
2014-01-14,0.1549
2014-01-15,0.1523
2014-01-16,0.1545
2014-01-17,0.1522
2014-01-21,0.1522
2014-01-22,0.1503
2014-01-23,0.1504
2014-01-24,0.1511
2014-01-27,0.14800000000000002
2014-01-28,0.1502
2014-01-29,0.1474
2014-01-30,0.1499
2014-01-31,0.1555
2014-02-03,0.1574
2014-02-04,0.1606
2014-02-05,0.161
2014-02-06,0.1585
2014-02-07,0.1573
2014-02-10,0.1564
2014-02-11,0.1546
2014-02-12,0.1581
2014-02-13,0.1566
2014-02-14,0.1563
2014-02-18,0.1616
2014-02-19,0.1646
2014-02-20,0.1633
2014-02-21,0.1672
2014-02-24,0.1741
2014-02-25,0.1741
2014-02-26,0.1744
2014-02-27,0.1782
2014-02-28,0.1742
2014-03-03,0.17800000000000002
2014-03-04,0.1774
2014-03-05,0.1823
2014-03-06,0.1832
2014-03-07,0.1801
2014-03-10,0.1822
2014-03-11,0.1803
2014-03-12,0.1767
2014-03-13,0.1782
2014-03-14,0.1725
2014-03-17,0.1705
2014-03-18,0.1714
2014-03-19,0.1732
2014-03-20,0.1705
2014-03-21,0.1683
2014-03-24,0.1684
2014-03-25,0.1697
2014-03-26,0.1736
2014-03-27,0.1787
2014-03-28,0.1798
2014-03-31,0.1777
2014-04-01,0.1718
2014-04-02,0.1697
2014-04-03,0.1718
2014-04-04,0.1735
2014-04-07,0.1694
2014-04-08,0.1716
2014-04-09,0.1704
2014-04-10,0.1708
2014-04-11,0.168
2014-04-14,0.1659
2014-04-15,0.1656
2014-04-16,0.1692
2014-04-17,0.1666
2014-04-21,0.1684
2014-04-22,0.1699
2014-04-23,0.1742
2014-04-24,0.1712
2014-04-25,0.1733
2014-04-28,0.1719
2014-04-29,0.1736
2014-04-30,0.1762
2014-05-01,0.17800000000000002
2014-05-02,0.1745
2014-05-05,0.1747
2014-05-06,0.172
2014-05-07,0.1726
2014-05-08,0.1724
2014-05-09,0.172
2014-05-12,0.1729
2014-05-13,0.17800000000000002
2014-05-14,0.1825
2014-05-15,0.182
2014-05-16,0.1791
2014-05-19,0.1777
2014-05-20,0.1758
2014-05-21,0.1744
2014-05-22,0.1738
2014-05-23,0.1737
2014-05-26,0.1737
2014-05-27,0.1702
2014-05-28,0.1711
2014-05-29,0.1748
2014-05-30,0.1738
2014-06-02,0.1718
2014-06-03,0.1719
2014-06-04,0.1704
2014-06-05,0.1683
2014-06-06,0.1692
2014-06-09,0.1698
2014-06-10,0.1697
2014-06-11,0.1681
2014-06-12,0.16699999999999998
2014-06-16,0.171
2014-06-17,0.1706
2014-06-18,0.1753
2014-06-19,0.1794
2014-06-20,0.1792
2014-06-23,0.1785
2014-06-24,0.1781
2014-06-25,0.179
2014-06-26,0.1803
2014-06-27,0.1773
2014-06-30,0.1773
2014-07-01,0.17800000000000002
2014-07-02,0.1787
2014-07-03,0.1781
2014-07-07,0.1751
2014-07-08,0.1768
2014-07-09,0.1742
2014-07-10,0.1729
2014-07-11,0.1707
2014-07-14,0.1719
2014-07-15,0.1721
2014-07-16,0.1707
2014-07-17,0.1692
2014-07-18,0.1697
2014-07-21,0.1728
2014-07-22,0.1716
2014-07-23,0.1696
2014-07-24,0.1705
2014-07-25,0.1714
2014-07-28,0.1694
2014-07-29,0.1662
2014-07-30,0.1663
2014-07-31,0.1646
2014-08-01,0.1635
2014-08-04,0.1632
2014-08-05,0.1613
2014-08-06,0.1632
2014-08-07,0.1605
2014-08-08,0.1614
2014-08-11,0.1624
2014-08-12,0.1605
2014-08-13,0.1602
2014-08-14,0.1591
2014-08-15,0.1592
2014-08-18,0.1568
2014-08-19,0.1547
2014-08-20,0.157
2014-08-21,0.1599
2014-08-22,0.1564
2014-08-25,0.1536
2014-08-26,0.1571
2014-08-27,0.1558
2014-08-28,0.1556
2014-08-29,0.1549
2014-09-02,0.1582
2014-09-03,0.1562
2014-09-04,0.1513
2014-09-05,0.15
2014-09-08,0.1494
2014-09-09,0.1488
2014-09-10,0.1452
2014-09-11,0.1436
2014-09-12,0.1378
2014-09-15,0.1367
2014-09-16,0.1355
2014-09-17,0.1388
2014-09-18,0.1379
2014-09-19,0.135
2014-09-22,0.1408
2014-09-23,0.1415
2014-09-24,0.1462
2014-09-25,0.1498
2014-09-26,0.1587
2014-09-29,0.1634
2014-09-30,0.1626
2014-10-01,0.1604
2014-10-02,0.1605
2014-10-03,0.1644
2014-10-06,0.1698
2014-10-07,0.1703
2014-10-08,0.1692
2014-10-09,0.16699999999999998
2014-10-10,0.1655
2014-10-13,0.1667
2014-10-14,0.1681
2014-10-15,0.165
2014-10-16,0.1667
2014-10-17,0.1662
2014-10-20,0.1668
2014-10-21,0.1644
2014-10-22,0.165
2014-10-23,0.1616
2014-10-24,0.1638
2014-10-27,0.1603
2014-10-28,0.1613
2014-10-29,0.163
2014-10-30,0.163
2014-10-31,0.1604
2014-11-03,0.1593
2014-11-04,0.1568
2014-11-05,0.1551
2014-11-06,0.1548
2014-11-07,0.1569
2014-11-10,0.1566
2014-11-11,0.1623
2014-11-12,0.1636
2014-11-13,0.1601
2014-11-14,0.159
2014-11-17,0.1577
2014-11-18,0.1571
2014-11-19,0.1587
2014-11-20,0.161
2014-11-21,0.1609
2014-11-24,0.16
2014-11-25,0.16
2014-11-26,0.1612
2014-11-28,0.1559
2014-12-01,0.1559
2014-12-02,0.1524
2014-12-03,0.1509
2014-12-04,0.1521
2014-12-05,0.1514
2014-12-08,0.153
2014-12-09,0.1542
2014-12-10,0.1547
2014-12-11,0.1515
2014-12-12,0.1498
2014-12-15,0.1496
2014-12-16,0.1471
2014-12-17,0.1472
2014-12-18,0.1499
2014-12-19,0.1498
2014-12-22,0.1486
2014-12-23,0.1483
2014-12-24,0.1476
2014-12-26,0.147
2014-12-29,0.146
2014-12-30,0.1461
2014-12-31,0.1452
2015-01-02,0.1417
2015-01-05,0.1426
2015-01-06,0.1487
2015-01-07,0.1478
2015-01-08,0.1488
2015-01-09,0.1491
2015-01-12,0.1476
2015-01-13,0.1487
2015-01-14,0.1493
2015-01-15,0.1535
2015-01-16,0.1533
2015-01-20,0.1583
2015-01-21,0.1592
2015-01-22,0.1591
2015-01-23,0.1517
2015-01-26,0.1535
2015-01-27,0.1516
2015-01-28,0.1516
2015-01-29,0.1485
2015-01-30,0.1479
2015-02-02,0.1422
2015-02-03,0.1447
2015-02-04,0.1445
2015-02-05,0.1441
2015-02-06,0.1451
2015-02-09,0.1482
2015-02-10,0.1471
2015-02-11,0.1471
2015-02-12,0.1504
2015-02-13,0.1488
2015-02-17,0.1514
2015-02-18,0.1509
2015-02-19,0.1468
2015-02-20,0.1439
2015-02-23,0.1431
2015-02-24,0.1417
2015-02-25,0.1379
2015-02-26,0.1403
2015-02-27,0.138
2015-03-02,0.1364
2015-03-03,0.1345
2015-03-04,0.1334
2015-03-05,0.1344
2015-03-06,0.1344
2015-03-09,0.1327
2015-03-10,0.1302
2015-03-11,0.1314
2015-03-12,0.1321
2015-03-13,0.127
2015-03-16,0.129
2015-03-17,0.1282
2015-03-18,0.1273
2015-03-19,0.1262
2015-03-20,0.1268
2015-03-23,0.1274
2015-03-24,0.1245
2015-03-25,0.1252
2015-03-26,0.1234
2015-03-27,0.1213
2015-03-30,0.1199
2015-03-31,0.1193
2015-04-01,0.1232
2015-04-02,0.1274
2015-04-06,0.1254
2015-04-07,0.1277
2015-04-08,0.1297
2015-04-09,0.128
2015-04-10,0.1283
2015-04-13,0.1301
2015-04-14,0.1319
2015-04-15,0.13
2015-04-16,0.1343
2015-04-17,0.1324
2015-04-20,0.1269
2015-04-21,0.1241
2015-04-22,0.1266
2015-04-23,0.1309
2015-04-24,0.1323
2015-04-27,0.1332
2015-04-28,0.1319
2015-04-29,0.1313
2015-04-30,0.1314
2015-05-01,0.1291
2015-05-04,0.1251
2015-05-05,0.1275
2015-05-06,0.1287
2015-05-07,0.1296
2015-05-08,0.1342
2015-05-11,0.1348
2015-05-12,0.1358
2015-05-13,0.1296
2015-05-14,0.1284
2015-05-15,0.1289
2015-05-18,0.1278
2015-05-19,0.1286
2015-05-20,0.1259
2015-05-21,0.1249
2015-05-22,0.1231
2015-05-26,0.1208
2015-05-27,0.1187
2015-05-28,0.1194
2015-05-29,0.1198
2015-06-01,0.1225
2015-06-02,0.1232
2015-06-03,0.1205
2015-06-04,0.1212
2015-06-05,0.1205
2015-06-08,0.1216
2015-06-09,0.1207
2015-06-10,0.1201
2015-06-11,0.1164
2015-06-12,0.1172
2015-06-15,0.1146
2015-06-16,0.1131
2015-06-17,0.1135
2015-06-18,0.1125
2015-06-19,0.1112
2015-06-22,0.1148
2015-06-23,0.1125
2015-06-24,0.1151
2015-06-25,0.1159
2015-06-26,0.1178
2015-06-29,0.1197
2015-06-30,0.1243
2015-07-01,0.1244
2015-07-02,0.12300000000000001
2015-07-06,0.1248
2015-07-07,0.1233
2015-07-08,0.1231
2015-07-09,0.11900000000000001
2015-07-10,0.1241
2015-07-13,0.1256
2015-07-14,0.1264
2015-07-15,0.1246
2015-07-16,0.1227
2015-07-17,0.1196
2015-07-20,0.1144
2015-07-21,0.1142
2015-07-22,0.1138
2015-07-23,0.1151
2015-07-24,0.1124
2015-07-27,0.1124
2015-07-28,0.1117
2015-07-29,0.1146
2015-07-30,0.1127
2015-07-31,0.1114
2015-08-03,0.1089
2015-08-04,0.1101
2015-08-05,0.1076
2015-08-06,0.107
2015-08-07,0.1066
2015-08-10,0.1057
2015-08-11,0.1062
2015-08-12,0.1054
2015-08-13,0.1049
2015-08-14,0.1068
2015-08-17,0.1063
2015-08-18,0.1073
2015-08-19,0.1059
2015-08-20,0.1062
2015-08-21,0.1044
2015-08-24,0.1039
2015-08-25,0.106
2015-08-26,0.1053
2015-08-27,0.1106
2015-08-28,0.1097
2015-08-31,0.1069
2015-09-01,0.1071
2015-09-02,0.1073
2015-09-03,0.1134
2015-09-04,0.1127
2015-09-08,0.1107
2015-09-09,0.1143
2015-09-10,0.1133
2015-09-11,0.1166
2015-09-14,0.115
2015-09-15,0.114
2015-09-16,0.1147
2015-09-17,0.1144
2015-09-18,0.1096
2015-09-21,0.1093
2015-09-22,0.1088
2015-09-23,0.1095
2015-09-24,0.1119
2015-09-25,0.1187
2015-09-28,0.12
2015-09-29,0.1218
2015-09-30,0.1274
2015-10-01,0.1326
2015-10-02,0.1353
2015-10-05,0.1364
2015-10-06,0.1363
2015-10-07,0.1398
2015-10-08,0.1401
2015-10-09,0.1434
2015-10-12,0.1424
2015-10-13,0.1383
2015-10-14,0.1409
2015-10-15,0.1413
2015-10-16,0.1427
2015-10-19,0.1426
2015-10-20,0.1406
2015-10-21,0.1418
2015-10-22,0.146
2015-10-23,0.1428
2015-10-26,0.1464
2015-10-27,0.1442
2015-10-28,0.1465
2015-10-29,0.1456
2015-10-30,0.1452
2015-11-02,0.1511
2015-11-03,0.1549
2015-11-04,0.1464
2015-11-05,0.1476
2015-11-06,0.1446
2015-11-09,0.1399
2015-11-10,0.1471
2015-11-11,0.1469
2015-11-12,0.1497
2015-11-13,0.1504
2015-11-16,0.1518
2015-11-17,0.1478
2015-11-18,0.1447
2015-11-19,0.1495
2015-11-20,0.153
2015-11-23,0.1541
2015-11-24,0.15
2015-11-25,0.1491
2015-11-27,0.1497
2015-11-30,0.1493
2015-12-01,0.1544
2015-12-02,0.1534
2015-12-03,0.1558
2015-12-04,0.1548
2015-12-07,0.153
2015-12-08,0.15
2015-12-09,0.1509
2015-12-10,0.1455
2015-12-11,0.1458
2015-12-14,0.1451
2015-12-15,0.1459
2015-12-16,0.1459
2015-12-17,0.147
2015-12-18,0.151
2015-12-21,0.1497
2015-12-22,0.1504
2015-12-23,0.1515
2015-12-24,0.1506
2015-12-28,0.1476
2015-12-29,0.1478
2015-12-30,0.1515
2015-12-31,0.1524
2016-01-04,0.1497
2016-01-05,0.1457
2016-01-06,0.1442
2016-01-07,0.1475
2016-01-08,0.1446
2016-01-11,0.1415
2016-01-12,0.1405
2016-01-13,0.1447
2016-01-14,0.1488
2016-01-15,0.1492
2016-01-19,0.1475
2016-01-20,0.1418
2016-01-21,0.1445
2016-01-22,0.1442
2016-01-25,0.141
2016-01-26,0.1402
2016-01-27,0.1358
2016-01-28,0.1325
2016-01-29,0.1314
2016-02-01,0.1283
2016-02-02,0.1299
2016-02-03,0.1289
2016-02-04,0.1289
2016-02-05,0.1327
2016-02-08,0.1345
2016-02-09,0.1339
2016-02-10,0.1338
2016-02-11,0.1307
2016-02-12,0.1315
2016-02-16,0.1322
2016-02-17,0.1316
2016-02-18,0.1278
2016-02-19,0.1252
2016-02-22,0.1261
2016-02-23,0.14
2016-02-24,0.1395
2016-02-25,0.1422
2016-02-26,0.1396
2016-02-29,0.14400000000000002
2016-03-01,0.1439
2016-03-02,0.1467
2016-03-03,0.1484
2016-03-04,0.1483
2016-03-07,0.1466
2016-03-08,0.1486
2016-03-09,0.1463
2016-03-10,0.1482
2016-03-11,0.1513
2016-03-14,0.1542
2016-03-15,0.1532
2016-03-16,0.1547
2016-03-17,0.1599
2016-03-18,0.1597
2016-03-21,0.1629
2016-03-22,0.1658
2016-03-23,0.1671
2016-03-24,0.1587
2016-03-28,0.1594
2016-03-29,0.1586
2016-03-30,0.1587
2016-03-31,0.1535
2016-04-01,0.1518
2016-04-04,0.1464
2016-04-05,0.1464
2016-04-06,0.1462
2016-04-07,0.1443
2016-04-08,0.1469
2016-04-11,0.1415
2016-04-12,0.1407
2016-04-13,0.1401
2016-04-14,0.1413
2016-04-15,0.1504
2016-04-18,0.1535
2016-04-19,0.1517
2016-04-20,0.1557
2016-04-21,0.1558
2016-04-22,0.1526
2016-04-25,0.1563
2016-04-26,0.1583
2016-04-27,0.1567
2016-04-28,0.1555
2016-04-29,0.1629
2016-05-02,0.1621
2016-05-03,0.1625
2016-05-04,0.1665
2016-05-05,0.1584
2016-05-06,0.1574
2016-05-09,0.1588
2016-05-10,0.1602
2016-05-11,0.1677
2016-05-12,0.1698
2016-05-13,0.1674
2016-05-16,0.1689
2016-05-17,0.1682
2016-05-18,0.1681
2016-05-19,0.16699999999999998
2016-05-20,0.1707
2016-05-23,0.168
2016-05-24,0.1661
2016-05-25,0.1716
2016-05-26,0.1742
2016-05-27,0.1752
2016-05-31,0.1749
2016-06-01,0.1741
2016-06-02,0.1808
2016-06-03,0.1875
2016-06-06,0.1878
2016-06-07,0.19
2016-06-08,0.1961
2016-06-09,0.1974
2016-06-10,0.19699999999999998
2016-06-13,0.1954
2016-06-14,0.1934
2016-06-15,0.1976
2016-06-16,0.1968
2016-06-17,0.1976
2016-06-20,0.1969
2016-06-21,0.1924
2016-06-22,0.1904
2016-06-23,0.1904
2016-06-24,0.19
2016-06-27,0.1951
2016-06-28,0.1986
2016-06-29,0.2093
2016-06-30,0.2029
2016-07-01,0.2078
2016-07-05,0.2087
2016-07-06,0.2057
2016-07-07,0.1973
2016-07-08,0.1957
2016-07-11,0.2028
2016-07-12,0.1972
2016-07-13,0.1948
2016-07-14,0.1991
2016-07-15,0.1931
2016-07-18,0.1937
2016-07-19,0.1936
2016-07-20,0.1928
2016-07-21,0.1956
2016-07-22,0.1959
2016-07-25,0.1989
2016-07-26,0.1952
2016-07-27,0.191
2016-07-28,0.188
2016-07-29,0.1905
2016-08-01,0.1881
2016-08-02,0.1905
2016-08-03,0.1904
2016-08-04,0.19699999999999998
2016-08-05,0.2035
2016-08-08,0.2055
2016-08-09,0.2039
2016-08-10,0.1964
2016-08-11,0.196
2016-08-12,0.1971
2016-08-15,0.1998
2016-08-16,0.2026
2016-08-17,0.1972
2016-08-18,0.1998
2016-08-19,0.1977
2016-08-22,0.2042
2016-08-23,0.2073
2016-08-24,0.2022
2016-08-25,0.2055
2016-08-26,0.2061
2016-08-29,0.2067
2016-08-30,0.2052
2016-08-31,0.2006
2016-09-01,0.1959
2016-09-02,0.2018
2016-09-06,0.2022
2016-09-07,0.2029
2016-09-08,0.2022
2016-09-09,0.1999
2016-09-12,0.2024
2016-09-13,0.2043
2016-09-14,0.2013
2016-09-15,0.2048
2016-09-16,0.2178
2016-09-19,0.221
2016-09-20,0.2213
2016-09-21,0.222
2016-09-22,0.2217
2016-09-23,0.2213
2016-09-26,0.2254
2016-09-27,0.231
2016-09-28,0.2347
2016-09-29,0.2311
2016-09-30,0.2291
2016-10-03,0.2267
2016-10-04,0.2326
2016-10-05,0.2381
2016-10-06,0.2311
2016-10-07,0.2342
2016-10-10,0.2313
2016-10-11,0.2329
2016-10-12,0.2315
2016-10-13,0.2292
2016-10-14,0.2291
2016-10-17,0.2316
2016-10-18,0.2302
2016-10-19,0.2295
2016-10-20,0.2262
2016-10-21,0.2271
2016-10-24,0.23199999999999998
2016-10-25,0.2293
2016-10-26,0.2267
2016-10-27,0.2259
2016-10-28,0.2216
2016-10-31,0.2157
2016-11-01,0.2119
2016-11-02,0.217
2016-11-03,0.2148
2016-11-04,0.2173
2016-11-07,0.2227
2016-11-08,0.2197
2016-11-09,0.2211
2016-11-10,0.2165
2016-11-11,0.217
2016-11-14,0.2163
2016-11-15,0.2115
2016-11-16,0.2036
2016-11-17,0.2022
2016-11-18,0.2015
2016-11-21,0.2035
2016-11-22,0.1975
2016-11-23,0.1958
2016-11-25,0.1984
2016-11-28,0.1994
2016-11-29,0.1966
2016-11-30,0.1981
2016-12-01,0.1936
2016-12-02,0.1912
2016-12-05,0.1894
2016-12-06,0.1951
2016-12-07,0.1963
2016-12-08,0.1945
2016-12-09,0.1924
2016-12-12,0.1925
2016-12-13,0.18600000000000003
2016-12-14,0.1803
2016-12-15,0.1856
2016-12-16,0.1822
2016-12-19,0.1823
2016-12-20,0.1825
2016-12-21,0.182
2016-12-22,0.1816
2016-12-23,0.1815
2016-12-27,0.1854
2016-12-28,0.1899
2016-12-29,0.1949
2016-12-30,0.1951
2017-01-03,0.2051
2017-01-04,0.2089
2017-01-05,0.2078
2017-01-06,0.2075
2017-01-09,0.2042
2017-01-10,0.2048
2017-01-11,0.2056
2017-01-12,0.2076
2017-01-13,0.2052
2017-01-17,0.2073
2017-01-18,0.2098
2017-01-19,0.2018
2017-01-20,0.2018
2017-01-23,0.2064
2017-01-24,0.2058
2017-01-25,0.2034
2017-01-26,0.2036
2017-01-27,0.2033
2017-01-30,0.2031
2017-01-31,0.2045
2017-02-01,0.2084
2017-02-02,0.2055
2017-02-03,0.2111
2017-02-06,0.2118
2017-02-07,0.2072
2017-02-08,0.2076
2017-02-09,0.2065
2017-02-10,0.2042
2017-02-13,0.2
2017-02-14,0.2047
2017-02-15,0.2048
2017-02-16,0.2036
2017-02-17,0.203
2017-02-21,0.20800000000000002
2017-02-22,0.2071
2017-02-23,0.2015
2017-02-24,0.198
2017-02-27,0.1913
2017-02-28,0.1925
2017-03-01,0.1948
2017-03-02,0.1966
2017-03-03,0.1952
2017-03-06,0.1915
2017-03-07,0.184
2017-03-08,0.184
2017-03-09,0.18
2017-03-10,0.1822
2017-03-13,0.1818
2017-03-14,0.1816
2017-03-15,0.1823
2017-03-16,0.1825
2017-03-17,0.1817
2017-03-20,0.177
2017-03-21,0.1729
2017-03-22,0.17300000000000001
2017-03-23,0.17600000000000002
2017-03-24,0.1771
2017-03-27,0.177
2017-03-28,0.1756
2017-03-29,0.1712
2017-03-30,0.1681
2017-03-31,0.1676
2017-04-03,0.1654
2017-04-04,0.1616
2017-04-05,0.161
2017-04-06,0.1645
2017-04-07,0.1677
2017-04-10,0.1663
2017-04-11,0.1672
2017-04-12,0.16699999999999998
2017-04-13,0.166
2017-04-17,0.1647
2017-04-18,0.16699999999999998
2017-04-19,0.1642
2017-04-20,0.1633
2017-04-21,0.1641
2017-04-24,0.1624
2017-04-25,0.162
2017-04-26,0.1546
2017-04-27,0.1533
2017-04-28,0.1611
2017-05-01,0.1618
2017-05-02,0.1588
2017-05-03,0.1577
2017-05-04,0.1537
2017-05-05,0.1531
2017-05-08,0.1538
2017-05-09,0.1544
2017-05-10,0.1584
2017-05-11,0.1563
2017-05-12,0.1551
2017-05-15,0.1561
2017-05-16,0.1588
2017-05-17,0.163
2017-05-18,0.1603
2017-05-19,0.1638
2017-05-22,0.1651
2017-05-23,0.1587
2017-05-24,0.1567
2017-05-25,0.1566
2017-05-26,0.1505
2017-05-30,0.1502
2017-05-31,0.1487
2017-06-01,0.1423
2017-06-02,0.1374
2017-06-05,0.1389
2017-06-06,0.1398
2017-06-07,0.1414
2017-06-08,0.1434
2017-06-09,0.1427
2017-06-12,0.1402
2017-06-13,0.1379
2017-06-14,0.1362
2017-06-15,0.1347
2017-06-16,0.1344
2017-06-19,0.1346
2017-06-20,0.1361
2017-06-21,0.1306
2017-06-22,0.1284
2017-06-23,0.1297
2017-06-26,0.1261
2017-06-27,0.127
2017-06-28,0.1263
2017-06-29,0.1342
2017-06-30,0.1378
2017-07-03,0.1392
2017-07-05,0.1372
2017-07-06,0.1392
2017-07-07,0.1415
2017-07-10,0.1356
2017-07-11,0.1344
2017-07-12,0.1349
2017-07-13,0.1414
2017-07-14,0.14300000000000002
2017-07-17,0.1409
2017-07-18,0.141
2017-07-19,0.145
2017-07-20,0.1441
2017-07-21,0.14400000000000002
2017-07-24,0.14400000000000002
2017-07-25,0.139
2017-07-26,0.1423
2017-07-27,0.1443
2017-07-28,0.1437
2017-07-31,0.1491
2017-08-01,0.1488
2017-08-02,0.1479
2017-08-03,0.1431
2017-08-04,0.1414
2017-08-07,0.1387
2017-08-08,0.1378
2017-08-09,0.1364
2017-08-10,0.1324
2017-08-11,0.132
2017-08-14,0.135
2017-08-15,0.1313
2017-08-16,0.1294
2017-08-17,0.1329
2017-08-18,0.1341
2017-08-21,0.1352
2017-08-22,0.1351
2017-08-23,0.1367
2017-08-24,0.1402
2017-08-25,0.1403
2017-08-28,0.1431
2017-08-29,0.1382
2017-08-30,0.1391
2017-08-31,0.14400000000000002
2017-09-01,0.1375
2017-09-04,0.1375
2017-09-05,0.1403
2017-09-06,0.1429
2017-09-07,0.1403
2017-09-08,0.1409
2017-09-11,0.1429
2017-09-12,0.1402
2017-09-13,0.1433
2017-09-14,0.1427
2017-09-15,0.1455
2017-09-18,0.1431
2017-09-19,0.1376
2017-09-20,0.1407
2017-09-21,0.1405
2017-09-22,0.1398
2017-09-25,0.1374
2017-09-26,0.1335
2017-09-27,0.1338
2017-09-28,0.1366
2017-09-29,0.1399
2017-10-02,0.1431
2017-10-03,0.1404
2017-10-04,0.1425
2017-10-05,0.1439
2017-10-06,0.1398
2017-10-09,0.14
2017-10-10,0.1417
2017-10-11,0.14300000000000002
2017-10-12,0.1428
2017-10-13,0.1441
2017-10-16,0.1418
2017-10-17,0.1403
2017-10-18,0.1408
2017-10-19,0.1413
2017-10-20,0.14
2017-10-23,0.1388
2017-10-24,0.1428
2017-10-25,0.1418
2017-10-26,0.1411
2017-10-27,0.1463
2017-10-30,0.1473
2017-10-31,0.1474
2017-11-01,0.1461
2017-11-02,0.1423
2017-11-03,0.1438
2017-11-06,0.1456
2017-11-07,0.1472
2017-11-08,0.1484
2017-11-09,0.1488
2017-11-10,0.1496
2017-11-13,0.1513
2017-11-14,0.151
2017-11-15,0.1509
2017-11-16,0.1526
2017-11-17,0.1537
2017-11-20,0.1498
2017-11-21,0.1488
2017-11-22,0.1528
2017-11-24,0.1545
2017-11-27,0.1539
2017-11-28,0.1504
2017-11-29,0.1507
2017-11-30,0.1508
2017-12-01,0.1498
2017-12-04,0.1506
2017-12-05,0.149
2017-12-06,0.1445
2017-12-07,0.1431
2017-12-08,0.1405
2017-12-11,0.1395
2017-12-12,0.1377
2017-12-13,0.1385
2017-12-14,0.1377
2017-12-15,0.1366
2017-12-18,0.1376
2017-12-19,0.1441
2017-12-20,0.1457
2017-12-21,0.1477
2017-12-22,0.146
2017-12-26,0.147
2017-12-27,0.1493
2017-12-28,0.15
2017-12-29,0.1516
2018-01-02,0.1533
2018-01-03,0.1531
2018-01-04,0.1525
2018-01-05,0.1508
2018-01-08,0.1478
2018-01-09,0.1473
2018-01-10,0.1465
2018-01-11,0.1418
2018-01-12,0.1418
2018-01-16,0.1359
2018-01-17,0.1342
2018-01-18,0.1308
2018-01-19,0.1325
2018-01-22,0.1317
2018-01-23,0.1319
2018-01-24,0.1316
2018-01-25,0.1324
2018-01-26,0.1336
2018-01-29,0.1367
2018-01-30,0.1372
2018-01-31,0.1323
2018-02-01,0.1337
2018-02-02,0.1363
2018-02-05,0.139
2018-02-06,0.1384
2018-02-07,0.14
2018-02-08,0.1358
2018-02-09,0.1367
2018-02-12,0.1373
2018-02-13,0.1348
2018-02-14,0.134
2018-02-15,0.1362
2018-02-16,0.1338
2018-02-20,0.1336
2018-02-21,0.1338
2018-02-22,0.1371
2018-02-23,0.1364
2018-02-26,0.1357
2018-02-27,0.1293
2018-02-28,0.134
2018-03-01,0.1371
2018-03-02,0.1342
2018-03-05,0.1356
2018-03-06,0.1345
2018-03-07,0.1279
2018-03-08,0.1289
2018-03-09,0.1284
2018-03-12,0.1293
2018-03-13,0.1262
2018-03-14,0.1276
2018-03-15,0.1274
2018-03-16,0.1265
2018-03-19,0.1289
2018-03-20,0.1256
2018-03-21,0.1267
2018-03-22,0.1277
2018-03-23,0.1257
2018-03-26,0.1242
2018-03-27,0.1254
2018-03-28,0.1221
2018-03-29,0.1235
2018-04-02,0.1252
2018-04-03,0.1247
2018-04-04,0.1227
2018-04-05,0.1235
2018-04-06,0.1234
2018-04-09,0.1236
2018-04-10,0.1213
2018-04-11,0.1206
2018-04-12,0.1205
2018-04-13,0.1208
2018-04-16,0.1198
2018-04-17,0.1165
2018-04-18,0.1174
2018-04-19,0.1175
2018-04-20,0.1164
2018-04-23,0.1121
2018-04-24,0.1114
2018-04-25,0.1091
2018-04-26,0.1113
2018-04-27,0.114
2018-04-30,0.11699999999999999
2018-05-01,0.1169
2018-05-02,0.1175
2018-05-03,0.1169
2018-05-04,0.1151
2018-05-07,0.1132
2018-05-08,0.1156
2018-05-09,0.1129
2018-05-10,0.1127
2018-05-11,0.1122
2018-05-14,0.1126
2018-05-15,0.1152
2018-05-16,0.1161
2018-05-17,0.1156
2018-05-18,0.1166
2018-05-21,0.121
2018-05-22,0.1215
2018-05-23,0.1235
2018-05-24,0.1238
2018-05-25,0.1246
2018-05-29,0.1246
2018-05-30,0.126
2018-05-31,0.1279
2018-06-01,0.1252
2018-06-04,0.11900000000000001
2018-06-05,0.1202
2018-06-06,0.122
2018-06-07,0.1173
2018-06-08,0.1225
2018-06-11,0.1235
2018-06-12,0.1235
2018-06-13,0.1251
2018-06-14,0.1223
2018-06-15,0.1202
2018-06-18,0.1199
2018-06-19,0.1184
2018-06-20,0.1189
2018-06-21,0.1187
2018-06-22,0.1205
2018-06-25,0.12
2018-06-26,0.1219
2018-06-27,0.1185
2018-06-28,0.121
2018-06-29,0.1217
2018-07-02,0.1156
2018-07-03,0.1139
2018-07-05,0.1148
2018-07-06,0.1151
2018-07-09,0.114
2018-07-10,0.1141
2018-07-11,0.1129
2018-07-12,0.1108
2018-07-13,0.1096
2018-07-16,0.1114
2018-07-17,0.1113
2018-07-18,0.1108
2018-07-19,0.1097
2018-07-20,0.1112
2018-07-23,0.1108
2018-07-24,0.1119
2018-07-25,0.1119
2018-07-26,0.1103
2018-07-27,0.1088
2018-07-30,0.1082
2018-07-31,0.1055
2018-08-01,0.1048
2018-08-02,0.1059
2018-08-03,0.1085
2018-08-06,0.1098
2018-08-07,0.1088
2018-08-08,0.1081
2018-08-09,0.1084
2018-08-10,0.1054
2018-08-13,0.10300000000000001
2018-08-14,0.1034
2018-08-15,0.1023
2018-08-16,0.10300000000000001
2018-08-17,0.1018
2018-08-20,0.1009
2018-08-21,0.1017
2018-08-22,0.1018
2018-08-23,0.1012
2018-08-24,0.1023
2018-08-27,0.1051
2018-08-28,0.1031
2018-08-29,0.1037
2018-08-30,0.1057
2018-08-31,0.106
2018-09-04,0.1064
2018-09-05,0.1089
2018-09-06,0.10800000000000001
2018-09-07,0.1101
2018-09-10,0.11199999999999999
2018-09-11,0.1118
2018-09-12,0.1167
2018-09-13,0.1168
2018-09-14,0.1116
2018-09-17,0.1063
2018-09-18,0.1052
2018-09-19,0.1076
2018-09-20,0.10800000000000001
2018-09-21,0.1084
2018-09-24,0.1038
2018-09-25,0.1052
2018-09-26,0.10300000000000001
2018-09-27,0.1057
2018-09-28,0.1104
2018-10-01,0.1161
2018-10-02,0.1207
2018-10-03,0.1223
2018-10-04,0.1233
2018-10-05,0.1263
2018-10-08,0.1294
2018-10-09,0.1297
2018-10-10,0.1285
2018-10-11,0.1292
2018-10-12,0.1307
2018-10-15,0.1343
2018-10-16,0.1325
2018-10-17,0.1373
2018-10-18,0.1387
2018-10-19,0.1389
2018-10-22,0.1382
2018-10-23,0.1381
2018-10-24,0.1401
2018-10-25,0.1397
2018-10-26,0.1384
2018-10-29,0.135
2018-10-30,0.1332
2018-10-31,0.1319
2018-11-01,0.1319
2018-11-02,0.1344
2018-11-05,0.1315
2018-11-06,0.1296
2018-11-07,0.1301
2018-11-08,0.1284
2018-11-09,0.1273
2018-11-12,0.1294
2018-11-13,0.1261
2018-11-14,0.1265
2018-11-15,0.1265
2018-11-16,0.1269
2018-11-19,0.128
2018-11-20,0.1246
2018-11-21,0.1268
2018-11-23,0.1247
2018-11-26,0.1248
2018-11-27,0.1234
2018-11-28,0.1284
2018-11-29,0.1287
2018-11-30,0.1284
2018-12-03,0.1291
2018-12-04,0.1275
2018-12-05,0.1272
2018-12-06,0.1264
2018-12-07,0.1287
2018-12-10,0.1272
2018-12-11,0.1283
2018-12-12,0.1274
2018-12-13,0.1275
2018-12-14,0.1265
2018-12-17,0.1249
2018-12-18,0.12300000000000001
2018-12-19,0.1247
2018-12-20,0.1243
2018-12-21,0.1234
2018-12-24,0.124
2018-12-26,0.1239
2018-12-27,0.1225
2018-12-28,0.1239
2018-12-31,0.1203
2019-01-02,0.1193
2019-01-03,0.1169
2019-01-04,0.1193
2019-01-07,0.1265
2019-01-08,0.1276
2019-01-09,0.1287
2019-01-10,0.1267
2019-01-11,0.1278
2019-01-14,0.1275
2019-01-15,0.1316
2019-01-16,0.1317
2019-01-17,0.1285
2019-01-18,0.1303
2019-01-22,0.1293
2019-01-23,0.1297
2019-01-24,0.1298
2019-01-25,0.1244
2019-01-28,0.1279
2019-01-29,0.1269
2019-01-30,0.1253
2019-01-31,0.1273
2019-02-01,0.126
2019-02-04,0.1285
2019-02-05,0.1282
2019-02-06,0.129
2019-02-07,0.1273
2019-02-08,0.1271
2019-02-11,0.1267
2019-02-12,0.1285
2019-02-13,0.1275
2019-02-14,0.1261
2019-02-15,0.1314
2019-02-19,0.1335
2019-02-20,0.1344
2019-02-21,0.1324
2019-02-22,0.1337
2019-02-25,0.1308
2019-02-26,0.1287
2019-02-27,0.1295
2019-02-28,0.1277
2019-03-01,0.1262
2019-03-04,0.1236
2019-03-05,0.1244
2019-03-06,0.1216
2019-03-07,0.1214
2019-03-08,0.1218
2019-03-11,0.1229
2019-03-12,0.1233
2019-03-13,0.1236
2019-03-14,0.1241
2019-03-15,0.1252
2019-03-18,0.1284
2019-03-19,0.1278
2019-03-20,0.1274
2019-03-21,0.125
2019-03-22,0.1257
2019-03-25,0.1248
2019-03-26,0.1259
2019-03-27,0.1258
2019-03-28,0.1253
2019-03-29,0.1253
2019-04-01,0.1267
2019-04-02,0.1266
2019-04-03,0.1242
2019-04-04,0.1271
2019-04-05,0.1276
2019-04-08,0.1257
2019-04-09,0.1278
2019-04-10,0.1281
2019-04-11,0.1266
2019-04-12,0.1277
2019-04-15,0.1266
2019-04-16,0.1251
2019-04-17,0.1235
2019-04-18,0.1276
2019-04-22,0.1254
2019-04-23,0.127
2019-04-24,0.1268
2019-04-25,0.1243
2019-04-26,0.1242
2019-04-29,0.1205
2019-04-30,0.1227
2019-05-01,0.1221
2019-05-02,0.1223
2019-05-03,0.1201
2019-05-06,0.1188
2019-05-07,0.1195
2019-05-08,0.1165
2019-05-09,0.1178
2019-05-10,0.1172
2019-05-13,0.1184
2019-05-14,0.1194
2019-05-15,0.1185
2019-05-16,0.1178
2019-05-17,0.1155
2019-05-20,0.1162
2019-05-21,0.1181
2019-05-22,0.1162
2019-05-23,0.1157
2019-05-24,0.1166
2019-05-27,0.1166
2019-05-28,0.1175
2019-05-29,0.1187
2019-05-30,0.1176
2019-05-31,0.121
2019-06-03,0.1219
2019-06-04,0.1242
2019-06-05,0.1221
2019-06-06,0.1251
2019-06-07,0.125
2019-06-10,0.124
2019-06-11,0.1254
2019-06-12,0.1262
2019-06-13,0.1275
2019-06-14,0.1275
2019-06-17,0.1266
2019-06-18,0.1261
2019-06-19,0.125
2019-06-20,0.1243
2019-06-21,0.1222
2019-06-24,0.1227
2019-06-25,0.1238
2019-06-26,0.1215
2019-06-27,0.1268
2019-06-28,0.1256
2019-07-01,0.1257
2019-07-02,0.1235
2019-07-03,0.1254
2019-07-04,0.1254
2019-07-05,0.1236
2019-07-08,0.1245
2019-07-09,0.1235
2019-07-10,0.125
2019-07-11,0.1238
2019-07-12,0.12300000000000001
2019-07-15,0.1206
2019-07-16,0.1199
2019-07-17,0.1179
2019-07-18,0.1155
2019-07-19,0.1159
2019-07-22,0.1156
2019-07-23,0.1198
2019-07-24,0.1206
2019-07-25,0.12
2019-07-26,0.1202
2019-07-29,0.1207
2019-07-30,0.1215
2019-07-31,0.1221
2019-08-01,0.1212
2019-08-02,0.1202
2019-08-05,0.1182
2019-08-06,0.1173
2019-08-07,0.1134
2019-08-08,0.1143
2019-08-09,0.1186
2019-08-12,0.1156
2019-08-13,0.1172
2019-08-14,0.1161
2019-08-15,0.1163
2019-08-16,0.1164
2019-08-19,0.1147
2019-08-20,0.1144
2019-08-21,0.1139
2019-08-22,0.1158
2019-08-23,0.1147
2019-08-26,0.1143
2019-08-27,0.1124
2019-08-28,0.1137
2019-08-29,0.1121
2019-08-30,0.1114
2019-09-02,0.1114
2019-09-03,0.1119
2019-09-04,0.1101
2019-09-05,0.1097
2019-09-06,0.1102
2019-09-09,0.1092
2019-09-10,0.1088
2019-09-11,0.1081
2019-09-12,0.1076
2019-09-13,0.1089
2019-09-16,0.1109
2019-09-17,0.1094
2019-09-18,0.11
2019-09-19,0.1099
2019-09-20,0.1109
2019-09-23,0.1122
2019-09-24,0.115
2019-09-25,0.1197
2019-09-26,0.1203
2019-09-27,0.1218
2019-09-30,0.125
2019-10-01,0.1288
2019-10-02,0.1289
2019-10-03,0.1274
2019-10-04,0.1276
2019-10-07,0.1252
2019-10-08,0.1246
2019-10-09,0.1241
2019-10-10,0.1241
2019-10-11,0.1241
2019-10-14,0.1252
2019-10-15,0.1259
2019-10-16,0.1235
2019-10-17,0.1224
2019-10-18,0.1232
2019-10-21,0.1227
2019-10-22,0.1218
2019-10-23,0.1215
2019-10-24,0.12300000000000001
2019-10-25,0.1235
2019-10-28,0.1254
2019-10-29,0.1234
2019-10-30,0.1241
2019-10-31,0.1248
2019-11-01,0.1248
2019-11-04,0.1251
2019-11-05,0.1271
2019-11-06,0.1256
2019-11-07,0.1239
2019-11-08,0.1257
2019-11-11,0.1257
2019-11-12,0.1259
2019-11-13,0.1285
2019-11-14,0.1281
2019-11-15,0.1273
2019-11-18,0.1276
2019-11-19,0.1269
2019-11-20,0.1275
2019-11-21,0.1261
2019-11-22,0.1283
2019-11-25,0.1282
2019-11-26,0.1278
2019-11-27,0.1279
2019-11-28,0.1279
2019-11-29,0.1294
2019-12-02,0.1275
2019-12-03,0.1286
2019-12-04,0.1306
2019-12-05,0.1308
2019-12-06,0.1318
2019-12-09,0.1338
2019-12-10,0.1346
2019-12-11,0.1342
2019-12-12,0.1352
2019-12-13,0.135
2019-12-16,0.1329
2019-12-17,0.1327
2019-12-18,0.1343
2019-12-19,0.1355
2019-12-20,0.1354
2019-12-23,0.1345
2019-12-24,0.1337
2019-12-26,0.1344
2019-12-27,0.1354
2019-12-30,0.1353
2019-12-31,0.1342
2020-01-02,0.1313
2020-01-03,0.1331
2020-01-06,0.1373
2020-01-07,0.1359
2020-01-08,0.1347
2020-01-09,0.1371
2020-01-10,0.1407
2020-01-13,0.1416
2020-01-14,0.1432
2020-01-15,0.1452
2020-01-16,0.1443
2020-01-17,0.1445
2020-01-20,0.1445
2020-01-21,0.1455
2020-01-22,0.1466
2020-01-23,0.1457
2020-01-24,0.1439
2020-01-27,0.1421
2020-01-28,0.1454
2020-01-29,0.1449
2020-01-30,0.1459
2020-01-31,0.1461
2020-02-03,0.1489
2020-02-04,0.1471
2020-02-05,0.1473
2020-02-06,0.1474
2020-02-07,0.1492
2020-02-10,0.1504
2020-02-11,0.1541
2020-02-12,0.1578
2020-02-13,0.1516
2020-02-14,0.1506
2020-02-17,0.1506
2020-02-18,0.1528
2020-02-19,0.1558
2020-02-20,0.154
2020-02-21,0.1559
2020-02-24,0.1527
2020-02-25,0.1507
2020-02-26,0.1469
2020-02-27,0.1428
2020-02-28,0.142
2020-03-02,0.1381
2020-03-03,0.1376
2020-03-04,0.1347
2020-03-05,0.1342
2020-03-06,0.1302
2020-03-09,0.1261
2020-03-10,0.1259
2020-03-11,0.1226
2020-03-12,0.1162
2020-03-13,0.11699999999999999
2020-03-16,0.1109
2020-03-17,0.1089
2020-03-18,0.1067
2020-03-19,0.1059
2020-03-20,0.1091
2020-03-23,0.1104
2020-03-24,0.1127
2020-03-25,0.1141
2020-03-26,0.1133
2020-03-27,0.111
2020-03-30,0.1073
2020-03-31,0.1042
2020-04-01,0.1004
2020-04-02,0.1029
2020-04-03,0.1031
2020-04-06,0.1045
2020-04-07,0.1038
2020-04-08,0.1037
2020-04-09,0.1043
2020-04-13,0.1017
2020-04-14,0.1005
2020-04-15,0.1016
2020-04-16,0.1016
2020-04-17,0.1037
2020-04-20,0.1006
2020-04-21,0.0975
2020-04-22,0.0983
2020-04-23,0.0984
2020-04-24,0.0973
2020-04-27,0.0924
2020-04-28,0.0941
2020-04-29,0.0986
2020-04-30,0.1037
2020-05-01,0.1097
2020-05-04,0.10400000000000001
2020-05-05,0.1078
2020-05-06,0.1027
2020-05-07,0.1033
2020-05-08,0.1029
2020-05-11,0.1012
2020-05-12,0.1025
2020-05-13,0.1026
2020-05-14,0.1046
2020-05-15,0.1038
2020-05-18,0.10800000000000001
2020-05-19,0.1085
2020-05-20,0.1119
2020-05-21,0.1098
2020-05-22,0.1093
2020-05-25,0.1093
2020-05-26,0.1105
2020-05-27,0.10800000000000001
2020-05-28,0.10800000000000001
2020-05-29,0.1091
2020-06-01,0.11
2020-06-02,0.1122
2020-06-03,0.1162
2020-06-04,0.1173
2020-06-05,0.1202
2020-06-08,0.1194
2020-06-09,0.12
2020-06-10,0.1223
2020-06-11,0.1194
2020-06-12,0.1187
2020-06-15,0.1204
2020-06-16,0.1219
2020-06-17,0.1211
2020-06-18,0.1189
2020-06-19,0.1205
2020-06-22,0.1192
2020-06-23,0.1179
2020-06-24,0.1175
2020-06-25,0.1183
2020-06-26,0.1158
2020-06-29,0.1175
2020-06-30,0.1194
2020-07-01,0.1217
2020-07-02,0.1224
2020-07-06,0.1193
2020-07-07,0.1218
2020-07-08,0.1208
2020-07-09,0.1184
2020-07-10,0.1176
2020-07-13,0.1158
2020-07-14,0.1132
2020-07-15,0.1182
2020-07-16,0.1179
2020-07-17,0.1173
2020-07-20,0.1172
2020-07-21,0.1167
2020-07-22,0.1186
2020-07-23,0.1177
2020-07-24,0.1149
2020-07-27,0.1212
2020-07-28,0.1201
2020-07-29,0.1201
2020-07-30,0.1211
2020-07-31,0.1264
2020-08-03,0.1272
2020-08-04,0.1278
2020-08-05,0.1254
2020-08-06,0.1294
2020-08-07,0.1267
2020-08-10,0.1255
2020-08-11,0.1274
2020-08-12,0.1284
2020-08-13,0.1311
2020-08-14,0.131
2020-08-17,0.1306
2020-08-18,0.1289
2020-08-19,0.1324
2020-08-20,0.1301
2020-08-21,0.1283
2020-08-24,0.1271
2020-08-25,0.1276
2020-08-26,0.1258
2020-08-27,0.1277
2020-08-28,0.126
2020-08-31,0.1266
2020-09-01,0.126
2020-09-02,0.1244
2020-09-03,0.1207
2020-09-04,0.1193
2020-09-07,0.1193
2020-09-08,0.1204
2020-09-09,0.1203
2020-09-10,0.1191
2020-09-11,0.1192
2020-09-14,0.1176
2020-09-15,0.1208
2020-09-16,0.1235
2020-09-17,0.1262
2020-09-18,0.1277
2020-09-21,0.1255
2020-09-22,0.1289
2020-09-23,0.1282
2020-09-24,0.1284
2020-09-25,0.131
2020-09-28,0.1277
2020-09-29,0.1325
2020-09-30,0.1342
2020-10-01,0.1358
2020-10-02,0.1355
2020-10-05,0.1361
2020-10-06,0.1388
2020-10-07,0.1414
2020-10-08,0.1417
2020-10-09,0.1423
2020-10-12,0.1384
2020-10-13,0.1401
2020-10-14,0.142
2020-10-15,0.1418
2020-10-16,0.1443
2020-10-19,0.1472
2020-10-20,0.1454
2020-10-21,0.145
2020-10-22,0.1478
2020-10-23,0.1472
2020-10-26,0.1477
2020-10-27,0.1483
2020-10-28,0.1489
2020-10-29,0.14400000000000002
2020-10-30,0.1436
2020-11-02,0.1497
2020-11-03,0.1472
2020-11-04,0.1465
2020-11-05,0.1448
2020-11-06,0.1491
2020-11-09,0.1488
2020-11-10,0.1468
2020-11-11,0.1449
2020-11-12,0.1492
2020-11-13,0.1496
2020-11-16,0.1547
2020-11-17,0.1531
2020-11-18,0.1545
2020-11-19,0.1528
2020-11-20,0.1521
2020-11-23,0.1515
2020-11-24,0.1504
2020-11-25,0.1477
2020-11-26,0.1477
2020-11-27,0.1482
2020-11-30,0.1451
2020-12-01,0.1451
2020-12-02,0.146
2020-12-03,0.1471
2020-12-04,0.1444
2020-12-07,0.1445
2020-12-08,0.1439
2020-12-09,0.1497
2020-12-10,0.1466
2020-12-11,0.1443
2020-12-14,0.1412
2020-12-15,0.1421
2020-12-16,0.1449
2020-12-17,0.1468
2020-12-18,0.1444
2020-12-21,0.1453
2020-12-22,0.1454
2020-12-23,0.1483
2020-12-24,0.149
2020-12-28,0.1498
2020-12-29,0.1504
2020-12-30,0.1528
2020-12-31,0.1549
2021-01-04,0.1576
2021-01-05,0.1612
2021-01-06,0.1625
2021-01-07,0.156
2021-01-08,0.156
2021-01-11,0.1567
2021-01-12,0.1546
2021-01-13,0.1584
2021-01-14,0.1667
2021-01-15,0.1645
2021-01-18,0.1645
2021-01-19,0.161
2021-01-20,0.1627
2021-01-21,0.1605
2021-01-22,0.1587
2021-01-25,0.1574
2021-01-26,0.1574
2021-01-27,0.158
2021-01-28,0.1559
2021-01-29,0.1583
2021-02-01,0.1615
2021-02-02,0.1629
2021-02-03,0.1604
2021-02-04,0.1605
2021-02-05,0.1642
2021-02-08,0.1627
2021-02-09,0.1644
2021-02-10,0.1671
2021-02-11,0.1655
2021-02-12,0.1638
2021-02-15,0.1638
2021-02-16,0.1673
2021-02-17,0.1696
2021-02-18,0.1751
2021-02-19,0.1779
2021-02-22,0.1878
2021-02-23,0.1813
2021-02-24,0.1776
2021-02-25,0.1724
2021-02-26,0.1667
2021-03-01,0.1621
2021-03-02,0.1643
2021-03-03,0.1614
2021-03-04,0.1626
2021-03-05,0.16399999999999998
2021-03-08,0.162
2021-03-09,0.159
2021-03-10,0.1596
2021-03-11,0.1636
2021-03-12,0.1613
2021-03-15,0.1612
2021-03-16,0.163
2021-03-17,0.1599
2021-03-18,0.1589
2021-03-19,0.1576
2021-03-22,0.1553
2021-03-23,0.1543
2021-03-24,0.1563
2021-03-25,0.1509
2021-03-26,0.1519
2021-03-29,0.1492
2021-03-30,0.1492
2021-03-31,0.1477
2021-04-01,0.1471
2021-04-05,0.1484
2021-04-06,0.1516
2021-04-07,0.1514
2021-04-08,0.1518
2021-04-09,0.1546
2021-04-12,0.1535
2021-04-13,0.1543
2021-04-14,0.1586
2021-04-15,0.1638
2021-04-16,0.1672
2021-04-19,0.1629
2021-04-20,0.1677
2021-04-21,0.1694
2021-04-22,0.1692
2021-04-23,0.1691
2021-04-26,0.1717
2021-04-27,0.179
2021-04-28,0.1724
2021-04-29,0.1699
2021-04-30,0.1707
2021-05-03,0.1673
2021-05-04,0.1712
2021-05-05,0.1753
2021-05-06,0.1755
2021-05-07,0.1749
2021-05-10,0.1749
2021-05-11,0.18100000000000002
2021-05-12,0.1784
2021-05-13,0.1711
2021-05-14,0.1696
2021-05-17,0.1699
2021-05-18,0.1721
2021-05-19,0.1695
2021-05-20,0.1704
2021-05-21,0.1667
2021-05-24,0.1683
2021-05-25,0.1704
2021-05-26,0.1678
2021-05-27,0.1712
2021-05-28,0.1736
2021-05-31,0.1736
2021-06-01,0.1769
2021-06-02,0.1768
2021-06-03,0.1743
2021-06-04,0.1771
2021-06-07,0.1738
2021-06-08,0.1771
2021-06-09,0.1773
2021-06-10,0.1766
2021-06-11,0.1754
2021-06-14,0.1729
2021-06-15,0.1705
2021-06-16,0.1704
2021-06-17,0.1655
2021-06-18,0.1643
2021-06-21,0.1678
2021-06-22,0.1643
2021-06-23,0.1669
2021-06-24,0.1693
2021-06-25,0.1698
2021-06-28,0.1738
2021-06-29,0.1742
2021-06-30,0.1784
2021-07-01,0.1794
2021-07-02,0.1815
2021-07-05,0.1815
2021-07-06,0.1787
2021-07-07,0.1775
2021-07-08,0.1745
2021-07-09,0.1728
2021-07-12,0.1699
2021-07-13,0.1708
2021-07-14,0.1693
2021-07-15,0.1733
2021-07-16,0.1771
2021-07-19,0.1707
2021-07-20,0.1741
2021-07-21,0.1767
